<?xml version="1.0" encoding="UTF-8" standalone="no"?>
<Document xmlns="urn:iso:std:iso:20022:tech:xsd:pain.013.001.07">
	<CdtrPmtActvtnReq>
		<GrpHdr>
			<MsgId>34634754753463475475346388</MsgId>
			<CreDtTm>2022-02-25T18:12:00.00+05:30</CreDtTm>
			<NbOfTxs>1</NbOfTxs>
			<InitgPty>
				<Nm>John</Nm>
			</InitgPty>
		</GrpHdr>
		<PmtInf>
			<PmtInfId>cbe1234</PmtInfId>
			<PmtMtd>TRF</PmtMtd>
			<ReqdExctnDt>
				<Dt>2012-12-13</Dt>
			</ReqdExctnDt>
			<XpryDt>
				<Dt>2012-12-13</Dt>
			</XpryDt>
			<Dbtr>
				<Nm>Hash Rana</Nm>
			</Dbtr>
			<DbtrAcct>
				<Id>
					<IBAN>TK32FkKwW6ND</IBAN>
				</Id>
			</DbtrAcct>
			<DbtrAgt>
				<FinInstnId>
					<ClrSysMmbId>
						<ClrSysId>
							<Cd>USABA</Cd>
						</ClrSysId>
						<MmbId>34634754753463475475346381</MmbId>
					</ClrSysMmbId>
				</FinInstnId>
			</DbtrAgt>
			<CdtTrfTx>
				<PmtId>
					<EndToEndId>34345ETRD3423</EndToEndId>
				</PmtId>
				<Amt>
					<InstdAmt Ccy="IUYT">4566.34</InstdAmt>
				</Amt>
				<ChrgBr>CRED</ChrgBr>
				<CdtrAgt>
					<FinInstnId>
						<ClrSysMmbId>
							<ClrSysId>
								<Cd>USABA</Cd>
							</ClrSysId>
							<MmbId>34634754753463475475346382</MmbId>
						</ClrSysMmbId>
					</FinInstnId>
				</CdtrAgt>
				<Cdtr>
					<Nm>Victor</Nm>
				</Cdtr>
				<CdtrAcct>
					<Id>
						<IBAN>TK32FkKwW6ND</IBAN>
					</Id>
				</CdtrAcct>
			</CdtTrfTx>
		</PmtInf>
	</CdtrPmtActvtnReq>
</Document>