<?xml version="1.0" encoding="UTF-8" standalone="no"?>
<Document xmlns="urn:iso:std:iso:20022:tech:xsd:pacs.009.001.08">
	<FICdtTrf>
		<GrpHdr>
			<MsgId>34634754753463475475346388</MsgId>
			<CreDtTm>2022-02-25T18:12:00.00+05:30</CreDtTm>
			<NbOfTxs>1</NbOfTxs>
			<SttlmInf>
				<SttlmMtd>INDA</SttlmMtd>
				<SttlmAcct>
					<Id>
						<IBAN>AZ12az</IBAN>
					</Id>
					<Tp>
						<Cd>VACC</Cd>
					</Tp>
					<Ccy>USD</Ccy>
					<Nm>Kevin</Nm>
					<Prxy>
						<Tp>
							<Cd>CHAR</Cd>
						</Tp>
						<Id>str1234</Id>
					</Prxy>
				</SttlmAcct>
			</SttlmInf>
		</GrpHdr>
		<CdtTrfTxInf>
			<PmtId>
				<InstrId>Payment by Card</InstrId>
				<EndToEndId>34345ETRD3423</EndToEndId>
				<TxId>TRAN3454364364354</TxId>
				<UETR>ee92b258-295e-4dce-92c6-b00bf6be1991</UETR>
				<ClrSysRef>HDFC CLEAR TRAN</ClrSysRef>
			</PmtId>
			<PmtTpInf>
				<InstrPrty>HIGH</InstrPrty>
				<ClrChanl>RTGS123</ClrChanl>
			</PmtTpInf>
			<IntrBkSttlmAmt Ccy="LRD">34543643.89</IntrBkSttlmAmt>
			<IntrBkSttlmDt>2022-02-25</IntrBkSttlmDt>
			<SttlmPrty>HIGH</SttlmPrty>
			<SttlmTmIndctn>
				<DbtDtTm>2022-02-25T23:12:00.00+05:30</DbtDtTm>
			</SttlmTmIndctn>
			<PrvsInstgAgt1>
				<FinInstnId>
					<BICFI>CHASUS33001</BICFI>
					<ClrSysMmbId>
						<ClrSysId>
							<Cd>GRBIC</Cd>
						</ClrSysId>
						<MmbId>A356757657657UB67866</MmbId>
					</ClrSysMmbId>
					<LEI>A356757657657UB67866</LEI>
					<Nm>Bank of America</Nm>
					<PstlAdr>
						<Dept>IT</Dept>
						<SubDept>Finance</SubDept>
						<StrtNm>North Tryon Street</StrtNm>
						<BldgNb>100</BldgNb>
						<Flr>155</Flr>
						<PstBx>28255</PstBx>
						<Room>25</Room>
						<PstCd>345125</PstCd>
						<TwnNm>Charlotte</TwnNm>
						<TwnLctnNm>Charlotte</TwnLctnNm>
						<DstrctNm>Charlotte</DstrctNm>
						<CtrySubDvsn>North Tryon Street</CtrySubDvsn>
						<Ctry>US</Ctry>
						<AdrLine>North Tryon Street, Charlotte, NC.</AdrLine>
					</PstlAdr>
				</FinInstnId>
			</PrvsInstgAgt1>
			<PrvsInstgAgt3>
				<FinInstnId>
					<BICFI>CHASUS33001</BICFI>
					<ClrSysMmbId>
						<ClrSysId>
							<Cd>PLKNR</Cd>
						</ClrSysId>
						<MmbId>memberid123</MmbId>
					</ClrSysMmbId>
					<LEI>A356757657657UB67866</LEI>
					<Nm>The Goldman Sachs Group</Nm>
					<PstlAdr>
						<Dept>IT</Dept>
						<SubDept>Finance</SubDept>
						<StrtNm>West Street</StrtNm>
						<BldgNb>200</BldgNb>
						<Flr>44</Flr>
						<PstBx>10282</PstBx>
						<Room>35</Room>
						<PstCd>9875</PstCd>
						<TwnNm>Battery Park City</TwnNm>
						<TwnLctnNm>Manhattan</TwnLctnNm>
						<DstrctNm>New York City</DstrctNm>
						<CtrySubDvsn>New York City</CtrySubDvsn>
						<Ctry>US</Ctry>
						<AdrLine>200 West Street, New York, NY.</AdrLine>
					</PstlAdr>
				</FinInstnId>
			</PrvsInstgAgt3>
			<InstgAgt>
				<FinInstnId>
					<BICFI>CHASUS33001</BICFI>
					<ClrSysMmbId>
						<ClrSysId>
							<Cd>ZANCC</Cd>
						</ClrSysId>
						<MmbId>member123</MmbId>
					</ClrSysMmbId>
					<LEI>A356757657657UB67866</LEI>
				</FinInstnId>
			</InstgAgt>
			<InstdAgt>
				<FinInstnId>
					<BICFI>CHASUS33001</BICFI>
					<ClrSysMmbId>
						<ClrSysId>
							<Cd>GRBIC</Cd>
						</ClrSysId>
						<MmbId>member123</MmbId>
					</ClrSysMmbId>
					<LEI>A356757657657UB67866</LEI>
				</FinInstnId>
			</InstdAgt>
			<Dbtr>
				<FinInstnId>
					<Nm>Citigroup</Nm>
					<PstlAdr>
						<Dept>IT</Dept>
						<SubDept>Finance</SubDept>
						<StrtNm>Greenwich street</StrtNm>
						<BldgNb>388</BldgNb>
						<Flr>35</Flr>
						<PstBx>10013</PstBx>
						<Room>45</Room>
						<PstCd>5</PstCd>
						<TwnNm>New York</TwnNm>
						<TwnLctnNm>Greenwich St</TwnLctnNm>
						<DstrctNm>New York</DstrctNm>
						<CtrySubDvsn>New York</CtrySubDvsn>
						<Ctry>US</Ctry>
						<AdrLine>388 Greenwich St, NY 10013.</AdrLine>
					</PstlAdr>
				</FinInstnId>
			</Dbtr>
			<DbtrAgt>
				<FinInstnId>
					<BICFI>CHASUS33001</BICFI>
					<ClrSysMmbId>
						<ClrSysId>
							<Cd>GRBIC</Cd>
						</ClrSysId>
						<MmbId>12643</MmbId>
					</ClrSysMmbId>
					<LEI>A356757657657UB67866</LEI>
				</FinInstnId>
			</DbtrAgt>
			<CdtrAgt>
				<FinInstnId>
					<BICFI>CHASUS33001</BICFI>
					<ClrSysMmbId>
						<ClrSysId>
							<Cd>USABA</Cd>
						</ClrSysId>
						<MmbId>12</MmbId>
					</ClrSysMmbId>
					<LEI>A356757657657UB67866</LEI>
				</FinInstnId>
			</CdtrAgt>
			<Cdtr>
				<FinInstnId>
					<Nm>U.S. Bancorp</Nm>
					<PstlAdr>
						<Dept>IT</Dept>
						<SubDept>Finance</SubDept>
						<StrtNm>street</StrtNm>
						<BldgNb>800</BldgNb>
						<BldgNm>Nicollet Mall</BldgNm>
						<Flr>25</Flr>
						<PstBx>55</PstBx>
						<Room>35</Room>
						<PstCd>55402</PstCd>
						<TwnNm>Minneapolis</TwnNm>
						<TwnLctnNm>Nicollet Mall</TwnLctnNm>
						<DstrctNm>Minnesota</DstrctNm>
						<CtrySubDvsn>Minnesota</CtrySubDvsn>
						<Ctry>US</Ctry>
						<AdrLine>800 Nicollet Mall, Minnesota.</AdrLine>
					</PstlAdr>
				</FinInstnId>
			</Cdtr>					
		</CdtTrfTxInf>
	</FICdtTrf>
</Document>