<?xml version="1.0" encoding="UTF-8"?>
<Document xmlns="urn:iso:std:iso:20022:tech:xsd:pacs.002.001.10" xmlns:xs="http://www.w3.org/2001/XMLSchema">
	<FIToFIPmtStsRpt>
		<GrpHdr>
			<MsgId>BBBB/120928-PSR/001</MsgId>
			<CreDtTm>2020-07-16T19:20:30.45+01:00</CreDtTm>
		</GrpHdr>
		<TxInfAndSts>
			<OrgnlGrpInf>
				<OrgnlMsgId>BBBB/120928-PSR/001</OrgnlMsgId>
				<OrgnlMsgNmId>pain.008.001.03</OrgnlMsgNmId>
				<OrgnlCreDtTm>2020-07-16T19:20:30.45+01:00</OrgnlCreDtTm>
			</OrgnlGrpInf>
			<OrgnlEndToEndId>34345ETRD3423</OrgnlEndToEndId>
			<OrgnlUETR>eb6305c9-1f7f-49de-aed0-16487c27b42d</OrgnlUETR>
			<TxSts>2</TxSts>
			<InstgAgt>
				<FinInstnId>
					<BICFI>CHASUS33001</BICFI>
				</FinInstnId>
			</InstgAgt>
			<InstdAgt>
				<FinInstnId>
					<BICFI>CHASUS33001</BICFI>
				</FinInstnId>
			</InstdAgt>
		</TxInfAndSts>
	</FIToFIPmtStsRpt>
</Document>