<?xml version="1.0" encoding="UTF-8"?>
<Document xmlns="urn:iso:std:iso:20022:tech:xsd:pacs.002.001.10" xmlns:xs="http://www.w3.org/2001/XMLSchema">
	<FIToFIPmtStsRpt>
		<GrpHdr>
			<MsgId>BBBB/120928-PSR/001</MsgId>
			<CreDtTm>2020-07-16T19:20:30.45+01:00</CreDtTm>
		</GrpHdr>
		<TxInfAndSts>
			<OrgnlGrpInf>
				<OrgnlMsgId>BBBB/120928-PSR/001</OrgnlMsgId>
				<OrgnlMsgNmId>pain.008.001.03</OrgnlMsgNmId>
				<OrgnlCreDtTm>2020-07-16T19:20:30.45+01:00</OrgnlCreDtTm>
			</OrgnlGrpInf>
			<OrgnlInstrId>1</OrgnlInstrId>
			<OrgnlEndToEndId>34345ETRD3423</OrgnlEndToEndId>
			<OrgnlTxId>1</OrgnlTxId>			
			<OrgnlUETR>eb6305c9-1f7f-49de-aed0-16487c27b42d</OrgnlUETR>
			<TxSts>RJCT</TxSts>
			<StsRsnInf>
				<Orgtr>
					<Nm>name</Nm>
					<PstlAdr>
						<Dept>IT</Dept>
						<SubDept>Finance</SubDept>
						<StrtNm>Jagdamba Bhavan Road</StrtNm>
						<BldgNb>2</BldgNb>
						<BldgNm>Essence</BldgNm>
						<Flr>3</Flr>
						<PstBx>411028</PstBx>
						<Room>3</Room>
						<PstCd>45454545454</PstCd>
						<TwnNm>Undri</TwnNm>
						<TwnLctnNm>Hadapsar</TwnLctnNm>
						<DstrctNm>Haveli</DstrctNm>
						<CtrySubDvsn>Pune</CtrySubDvsn>
						<Ctry>IN</Ctry>
						<AdrLine>abc</AdrLine>
					</PstlAdr>
					<Id>
						<OrgId>
							<AnyBIC>6576GFHD</AnyBIC>
							<LEI>A356757657657UB67866</LEI>
							<Othr>
								<Id>1</Id>
								<SchmeNm>
									<Cd>AG01</Cd>
								</SchmeNm>
								<Issr>1</Issr>
							</Othr>
						</OrgId>
					</Id>
					<CtryOfRes>IN</CtryOfRes>
				</Orgtr>
				<Rsn>
					<Cd>AG01</Cd>
				</Rsn>
				<AddtlInf>ss</AddtlInf>
			</StsRsnInf>
			<FctvIntrBkSttlmDt>
				<Dt>2021-02-21</Dt>
			</FctvIntrBkSttlmDt>
			<ClrSysRef>ss</ClrSysRef>
			<InstgAgt>
				<FinInstnId>
					<BICFI>CHASUS33001</BICFI>
					<ClrSysMmbId>
						<ClrSysId>
							<Cd>INFSC</Cd>
						</ClrSysId>
						<MmbId>123</MmbId>
					</ClrSysMmbId>
					<LEI>A356757657657UB67866</LEI>
				</FinInstnId>
			</InstgAgt>
			<InstdAgt>
				<FinInstnId>
					<BICFI>CHASUS33001</BICFI>
					<ClrSysMmbId>
						<ClrSysId>
							<Cd>INFSC</Cd>
						</ClrSysId>
						<MmbId>123</MmbId>
					</ClrSysMmbId>
					<LEI>A356757657657UB67866</LEI>
				</FinInstnId>
			</InstdAgt>
		</TxInfAndSts>
	</FIToFIPmtStsRpt>
</Document>