<?xml version="1.0" encoding="utf-8"?><Document xmlns="urn:iso:std:iso:20022:tech:xsd:pacs.002.001.11">
   <FIToFIPmtStsRpt>
      <GrpHdr>
         <MsgId>7beeee679bc548ae9fa0ab91e3ad572d</MsgId>
         <CreDtTm>2022-12-15T05:35:40.40+05:35</CreDtTm>
         <InstgAgt>
            <FinInstnId>
               <BICFI>ADCBAEA0</BICFI>
            </FinInstnId>
         </InstgAgt>
         <InstdAgt>
            <FinInstnId>
               <BICFI>AEPCAEA0</BICFI>
            </FinInstnId>
         </InstdAgt>
      </GrpHdr>
      <OrgnlGrpInfAndSts>
         <OrgnlMsgId>0996697a800d43cb906359681b3beba9</OrgnlMsgId>
         <OrgnlMsgNmId>pacs.008.001.09</OrgnlMsgNmId>
         <OrgnlCreDtTm>2022-12-15T05:35:00.00+05:30</OrgnlCreDtTm>
         <OrgnlNbOfTxs>1</OrgnlNbOfTxs>
         <StsRsnInf>
            <Rsn>
               <Prtry>RJCT 2022-12-15T05:35:40.40+05:35</Prtry>
            </Rsn>
         </StsRsnInf>
         <NbOfTxsPerSts>
            <DtldNbOfTxs>1</DtldNbOfTxs>
            <DtldSts>RJCT</DtldSts>
            <DtldCtrlSum>1000.00</DtldCtrlSum>
         </NbOfTxsPerSts>
      </OrgnlGrpInfAndSts>
      <TxInfAndSts>
         <StsId>8c7cf8e4525b4bb28646c6833df672de</StsId>
         <OrgnlEndToEndId>6049f4f8135749ab8b3363b9492147ae</OrgnlEndToEndId>
         <OrgnlTxId>UXC22112200012T00001</OrgnlTxId>
         <OrgnlUETR>8dee360b-6f57-40b3-8bc7-67a926388ade</OrgnlUETR>
         <StsRsnInf>
            <Rsn>
               <Prtry>RJCT 2022-12-15T05:35:40.40+05:35</Prtry>
            </Rsn>
            <AddtlInf>RJCT 2022-12-15T05:35:40.40+05:35</AddtlInf>
         </StsRsnInf>
         <ClrSysRef>4bc7368beb3f4e378ea80327fe8a2b21</ClrSysRef>
         <OrgnlTxRef>
            <DbtrAgt>
               <FinInstnId>
                  <BICFI>ADCBAEA0</BICFI>
               </FinInstnId>
            </DbtrAgt>
            <CdtrAgt>
               <FinInstnId>
                  <BICFI>TOPBANKA</BICFI>
               </FinInstnId>
            </CdtrAgt>
         </OrgnlTxRef>
      </TxInfAndSts>
   </FIToFIPmtStsRpt>
</Document>
