<?xml version="1.0" encoding="UTF-8"?>
<Document xmlns="urn:iso:std:iso:20022:tech:xsd:pacs.008.001.09" >
	<FIToFICstmrCdtTrf>
		<GrpHdr>
			<MsgId>UXC22112200012</MsgId>
			<CreDtTm>2022-11-22T12:30:55.917+01:00</CreDtTm>
			<NbOfTxs>1</NbOfTxs>
			<TtlIntrBkSttlmAmt Ccy="AED">1000.00</TtlIntrBkSttlmAmt>
			<IntrBkSttlmDt>2022-11-22</IntrBkSttlmDt>
			<SttlmInf>
				<SttlmMtd>CLRG</SttlmMtd>
				<ClrSys>
					<Prtry>CRTLBP.0.0</Prtry>
				</ClrSys>
			</SttlmInf>
			<InstgAgt>
				<FinInstnId>
					<BICFI>ADCBAEA0</BICFI>
				</FinInstnId>
			</InstgAgt>
			<InstdAgt>
				<FinInstnId>
					<BICFI>AEPCAEA0</BICFI>
				</FinInstnId>
			</InstdAgt>
		</GrpHdr>
		<CdtTrfTxInf>
			<PmtId>
				<InstrId>UXC22112200012I00001</InstrId>
				<EndToEndId>UXC22112200012E00001</EndToEndId>
				<TxId>UXC22112200012T00001</TxId>
				<UETR>8dee360b-6f57-40b3-8bc7-67a926388ade</UETR>
				<ClrSysRef>EXPSN1l6oztkqn01</ClrSysRef>
			</PmtId>
			<PmtTpInf>
				<LclInstrm>
					<Prtry>INST</Prtry>
				</LclInstrm>
				<CtgyPurp>
					<Prtry>IPP</Prtry>
				</CtgyPurp>
			</PmtTpInf>
			<IntrBkSttlmAmt Ccy="AED">1000.00</IntrBkSttlmAmt>
			<AccptncDtTm>2022-11-22T12:30:55.917+01:00</AccptncDtTm>											   
			<ChrgBr>SLEV</ChrgBr>
			<Dbtr>
				<Nm>TT002</Nm>
				<Id>
					<PrvtId>
						<DtAndPlcOfBirth>
						<BirthDt>2022-11-10</BirthDt>
						<CityOfBirth>Thohoyandou</CityOfBirth>
						<CtryOfBirth>ZA</CtryOfBirth>
						</DtAndPlcOfBirth>
						<Othr>
							<Id>EXP111234577</Id>
							<SchmeNm>
								<Cd>CUST</Cd>
							</SchmeNm>
							<Issr>EXP111234577</Issr>
						</Othr>
					</PrvtId>
				</Id>
			</Dbtr>
			<DbtrAcct>
				<Id>
					<Othr>
						<Id>LB87MOF000000000000000000003</Id>
						<SchmeNm>
							<Cd>BBAN</Cd>
						</SchmeNm>
					</Othr>
				</Id>
				<Tp>
					<Cd>CARD</Cd>
				</Tp>
			</DbtrAcct>
			<DbtrAgt>
				<FinInstnId>
					<BICFI>ADCBAEA0</BICFI>
				</FinInstnId>
			</DbtrAgt>
			<CdtrAgt>
				<FinInstnId>
					<BICFI>TOPBANKA</BICFI>
				</FinInstnId>
			</CdtrAgt>
			<Cdtr>
				<Nm>THAVHA001</Nm>
			</Cdtr>
			<CdtrAcct>
				<Id>
					<Othr>
						<Id>LB87MOF000000000000000000004</Id>
						<SchmeNm>
							<Cd>AIIN</Cd>
						</SchmeNm>
					</Othr>
				</Id>
				<Tp>
					<Cd>CASH</Cd>
				</Tp>
			</CdtrAcct>
			<Purp>
				<Prtry>EXP2024</Prtry>
			</Purp>
			<RmtInf>
				<Ustrd>testpacs008pacs002pacs004pacs028pacs007camt052camt053camt054camt060camt029camt055camt056</Ustrd>
			</RmtInf>
		</CdtTrfTxInf>
	</FIToFICstmrCdtTrf>
</Document>