<?xml version="1.0" encoding="utf-8"?>
<Document xmlns="urn:iso:std:iso:20022:tech:xsd:pacs.004.001.11">
	<PmtRtr>
		<GrpHdr>
			<MsgId>Raj401</MsgId>
			<CreDtTm>2022-11-23T12:30:55.917+01:00</CreDtTm>
			<NbOfTxs>1</NbOfTxs>
			<TtlRtrdIntrBkSttlmAmt Ccy="AED">1000.00</TtlRtrdIntrBkSttlmAmt>
			<IntrBkSttlmDt>2022-11-23</IntrBkSttlmDt>
			<SttlmInf>
				<SttlmMtd>CLRG</SttlmMtd>
				<ClrSys>
					<Prtry>CRTLBP.0.0</Prtry>
				</ClrSys>
			</SttlmInf>
			<InstgAgt>
				<FinInstnId>
					<BICFI>AEPCAEA0</BICFI>
				</FinInstnId>
			</InstgAgt>
			<InstdAgt>
				<FinInstnId>
					<BICFI>ADCBAEA0</BICFI>
				</FinInstnId>
			</InstdAgt>
		</GrpHdr>
		<TxInf>
			<RtrId>RTNT#11</RtrId>
			<OrgnlGrpInf>
				<OrgnlMsgId>UXC22112DJDFDFKDCK90E394IDJNSKCNDSKJFNDSHFBDSIOAOWQ293232NJDNWEJFEFDFNDISFNSDNF200012</OrgnlMsgId>
				<OrgnlMsgNmId>pacs.008</OrgnlMsgNmId>
			</OrgnlGrpInf>
			<OrgnlInstrId>UXC22112200012I00001</OrgnlInstrId>
			<OrgnlEndToEndId>UXC22112200012E00001</OrgnlEndToEndId>
			<OrgnlTxId>UXC22112200012T00001</OrgnlTxId>
			<OrgnlUETR>8dee360b-6f57-40b3-8bc7-67a926388ade</OrgnlUETR>
			<OrgnlClrSysRef>EXPSN1l6oztkqn01</OrgnlClrSysRef>
			<OrgnlIntrBkSttlmAmt Ccy="AED">1000.00</OrgnlIntrBkSttlmAmt>
			<PmtTpInf>
				<LclInstrm>
					<Prtry>INST</Prtry>
				</LclInstrm>
			</PmtTpInf>
			<RtrdIntrBkSttlmAmt Ccy="AED">1000.00</RtrdIntrBkSttlmAmt>
			<RtrRsnInf>
				<Rsn>
					<Cd>BE01</Cd>
				</Rsn>
			</RtrRsnInf>
			<OrgnlTxRef>
				<DbtrAgt>
					<FinInstnId>
						<BICFI>ADCBAEA0</BICFI>
					</FinInstnId>
				</DbtrAgt>
				<CdtrAgt>
					<FinInstnId>
						<BICFI>AEPCAEA0</BICFI>
					</FinInstnId>
				</CdtrAgt>
			</OrgnlTxRef>
		</TxInf>
	</PmtRtr>
</Document>