<?xml version="1.0" encoding="UTF-8" standalone="no"?><Document xmlns="urn:iso:std:iso:20022:tech:xsd:pacs.008.001.09">
  <FIToFICstmrCdtTrf>
    <GrpHdr>
      <MsgId>2329c5911ae5401ca9920e8244d13b76</MsgId>
      <CreDtTm>2022-12-15T05:34:00.00+05:30</CreDtTm>
      <NbOfTxs>1</NbOfTxs>
      <TtlIntrBkSttlmAmt Ccy="AED">1000.00</TtlIntrBkSttlmAmt>
      <IntrBkSttlmDt>2022-12-15</IntrBkSttlmDt>
      <SttlmInf>
        <SttlmMtd>CLRG</SttlmMtd>
        <ClrSys>
          <Prtry>CRTLBP.0.0</Prtry>
        </ClrSys>
      </SttlmInf>
      <InstgAgt>
        <FinInstnId>
          <BICFI>ADCBAEA0</BICFI>
        </FinInstnId>
      </InstgAgt>
      <InstdAgt>
        <FinInstnId>
          <BICFI>AEPCAEA0</BICFI>
        </FinInstnId>
      </InstdAgt>
    </GrpHdr>
    <CdtTrfTxInf>
      <PmtId>
        <InstrId>99b2c5d37df041e0b73714e7827e44e4</InstrId>
        <EndToEndId>37e536fecdc2422abb36882c2ff70177</EndToEndId>
        <TxId>UXC22112200012T00001</TxId>
        <UETR>8dee360b-6f57-40b3-8bc7-67a926388ade</UETR>
        <ClrSysRef>a529afa77c5743c29a0be829f1c0f2d9</ClrSysRef>
      </PmtId>
      <PmtTpInf>
        <LclInstrm>
          <Prtry>INST</Prtry>
        </LclInstrm>
        <CtgyPurp>
          <Prtry>IPP</Prtry>
        </CtgyPurp>
      </PmtTpInf>
      <IntrBkSttlmAmt Ccy="AED">1000.00</IntrBkSttlmAmt>
      <AccptncDtTm>2022-12-15T05:34:00.00+05:30</AccptncDtTm>
      <ChrgBr>SLEV</ChrgBr>
      <Dbtr>
        <Nm>TT002</Nm>
        <Id>
          <PrvtId>
            <DtAndPlcOfBirth>
              <BirthDt>2022-11-10</BirthDt>
              <CityOfBirth>Thohoyandou</CityOfBirth>
              <CtryOfBirth>ZA</CtryOfBirth>
            </DtAndPlcOfBirth>
            <Othr>
              <Id>EXP111234577</Id>
              <SchmeNm>
                <Cd>CUST</Cd>
              </SchmeNm>
              <Issr>EXP111234577</Issr>
            </Othr>
          </PrvtId>
        </Id>
      </Dbtr>
      <DbtrAcct>
        <Id>
          <Othr>
            <Id>LB87MOF000000000000000000003</Id>
            <SchmeNm>
              <Cd>BBAN</Cd>
            </SchmeNm>
          </Othr>
        </Id>
        <Tp>
          <Cd>CARD</Cd>
        </Tp>
      </DbtrAcct>
      <DbtrAgt>
        <FinInstnId>
          <BICFI>ADCBAEA0</BICFI>
        </FinInstnId>
      </DbtrAgt>
      <CdtrAgt>
        <FinInstnId>
          <BICFI>TOPBANKA</BICFI>
        </FinInstnId>
      </CdtrAgt>
      <Cdtr>
        <Nm>THAVHA001</Nm>
      </Cdtr>
      <CdtrAcct>
        <Id>
          <Othr>
            <Id>LB87MOF000000000000000000004</Id>
            <SchmeNm>
              <Cd>AIIN</Cd>
            </SchmeNm>
          </Othr>
        </Id>
        <Tp>
          <Cd>CASH</Cd>
        </Tp>
      </CdtrAcct>
      <Purp>
        <Prtry>EXP2024</Prtry>
      </Purp>
      <RmtInf>
        <Ustrd>testpacs008pacs002pacs004pacs028pacs007camt052camt053camt054camt060camt029camt055camt056</Ustrd>
      </RmtInf>
    </CdtTrfTxInf>
  </FIToFICstmrCdtTrf>
</Document>