<?xml version="1.0" encoding="utf-8"?><Document xmlns="urn:iso:std:iso:20022:tech:xsd:pacs.002.001.11">
   <FIToFIPmtStsRpt>
      <GrpHdr>
         <MsgId>d519165c855e487287655497bae2af2f</MsgId>
         <CreDtTm>2022-12-15T05:39:19.19+05:39</CreDtTm>
         <InstgAgt>
            <FinInstnId>
               <BICFI>ADCBAEA0</BICFI>
            </FinInstnId>
         </InstgAgt>
         <InstdAgt>
            <FinInstnId>
               <BICFI>AEPCAEA0</BICFI>
            </FinInstnId>
         </InstdAgt>
      </GrpHdr>
      <OrgnlGrpInfAndSts>
         <OrgnlMsgId>bb3cfa95c1dd4890b6a3f1cbb4ce1730</OrgnlMsgId>
         <OrgnlMsgNmId>pacs.008.001.09</OrgnlMsgNmId>
         <OrgnlCreDtTm>2022-12-15T05:36:00.00+05:30</OrgnlCreDtTm>
         <OrgnlNbOfTxs>1</OrgnlNbOfTxs>
         <StsRsnInf>
            <Rsn>
               <Prtry>RJCT 2022-12-15T05:39:19.19+05:39</Prtry>
            </Rsn>
         </StsRsnInf>
         <NbOfTxsPerSts>
            <DtldNbOfTxs>1</DtldNbOfTxs>
            <DtldSts>RJCT</DtldSts>
            <DtldCtrlSum>1000.00</DtldCtrlSum>
         </NbOfTxsPerSts>
      </OrgnlGrpInfAndSts>
      <TxInfAndSts>
         <StsId>dff0182ede0442d29b07ff3389ff1d6f</StsId>
         <OrgnlEndToEndId>9a8eaf69a4894b59bdc6631ab6f31858</OrgnlEndToEndId>
         <OrgnlTxId>UXC22112200012T00001</OrgnlTxId>
         <OrgnlUETR>8dee360b-6f57-40b3-8bc7-67a926388ade</OrgnlUETR>
         <StsRsnInf>
            <Rsn>
               <Prtry>RJCT 2022-12-15T05:39:19.19+05:39</Prtry>
            </Rsn>
            <AddtlInf>RJCT 2022-12-15T05:39:19.19+05:39</AddtlInf>
         </StsRsnInf>
         <ClrSysRef>df2c9659fc264c958a943291afcfdf56</ClrSysRef>
         <OrgnlTxRef>
            <DbtrAgt>
               <FinInstnId>
                  <BICFI>ADCBAEA0</BICFI>
               </FinInstnId>
            </DbtrAgt>
            <CdtrAgt>
               <FinInstnId>
                  <BICFI>TOPBANKA</BICFI>
               </FinInstnId>
            </CdtrAgt>
         </OrgnlTxRef>
      </TxInfAndSts>
   </FIToFIPmtStsRpt>
</Document>
