<?xml version="1.0" encoding="utf-8"?><Document xmlns="urn:iso:std:iso:20022:tech:xsd:pacs.002.001.11">
   <FIToFIPmtStsRpt>
      <GrpHdr>
         <MsgId>4c0cd65b8c434697b063fd93a9874bda</MsgId>
         <CreDtTm>2022-12-15T05:46:10.10+05:46</CreDtTm>
         <InstgAgt>
            <FinInstnId>
               <BICFI>ADCBAEA0</BICFI>
            </FinInstnId>
         </InstgAgt>
         <InstdAgt>
            <FinInstnId>
               <BICFI>AEPCAEA0</BICFI>
            </FinInstnId>
         </InstdAgt>
      </GrpHdr>
      <OrgnlGrpInfAndSts>
         <OrgnlMsgId>UXC22112200012</OrgnlMsgId>
         <OrgnlMsgNmId>pacs.008.001.09</OrgnlMsgNmId>
         <OrgnlCreDtTm>2022-11-22T12:30:55.917+01:00</OrgnlCreDtTm>
         <OrgnlNbOfTxs>1</OrgnlNbOfTxs>
         <StsRsnInf>
            <Rsn>
               <Prtry>RJCT 2022-12-15T05:46:10.10+05:46</Prtry>
            </Rsn>
         </StsRsnInf>
         <NbOfTxsPerSts>
            <DtldNbOfTxs>1</DtldNbOfTxs>
            <DtldSts>RJCT</DtldSts>
            <DtldCtrlSum>1000.00</DtldCtrlSum>
         </NbOfTxsPerSts>
      </OrgnlGrpInfAndSts>
      <TxInfAndSts>
         <StsId>9176115218f6463ca8f441873da001e0</StsId>
         <OrgnlEndToEndId>UXC22112200012E00001</OrgnlEndToEndId>
         <OrgnlTxId>UXC22112200012T00001</OrgnlTxId>
         <OrgnlUETR>8dee360b-6f57-40b3-8bc7-67a926388ade</OrgnlUETR>
         <StsRsnInf>
            <Rsn>
               <Prtry>RJCT 2022-12-15T05:46:10.10+05:46</Prtry>
            </Rsn>
            <AddtlInf>RJCT 2022-12-15T05:46:10.10+05:46</AddtlInf>
         </StsRsnInf>
         <ClrSysRef>EXPSN1l6oztkqn01</ClrSysRef>
         <OrgnlTxRef>
            <DbtrAgt>
               <FinInstnId>
                  <BICFI>ADCBAEA0</BICFI>
               </FinInstnId>
            </DbtrAgt>
            <CdtrAgt>
               <FinInstnId>
                  <BICFI>TOPBANKA</BICFI>
               </FinInstnId>
            </CdtrAgt>
         </OrgnlTxRef>
      </TxInfAndSts>
   </FIToFIPmtStsRpt>
</Document>
