<?xml version="1.0" encoding="utf-8"?><Document xmlns="urn:iso:std:iso:20022:tech:xsd:pacs.002.001.11">
   <FIToFIPmtStsRpt>
      <GrpHdr>
         <MsgId>3537a14958ae4cd49e86b604a1e2e231</MsgId>
         <CreDtTm>2022-12-15T04:39:16.16+04:39</CreDtTm>
         <InstgAgt>
            <FinInstnId>
               <BICFI>ADCBAEA0</BICFI>
            </FinInstnId>
         </InstgAgt>
         <InstdAgt>
            <FinInstnId>
               <BICFI>AEPCAEA0</BICFI>
            </FinInstnId>
         </InstdAgt>
      </GrpHdr>
      <OrgnlGrpInfAndSts>
         <OrgnlMsgId>d7503e3dfe934ca197824c0b70f0c258</OrgnlMsgId>
         <OrgnlMsgNmId>pacs.008.001.09</OrgnlMsgNmId>
         <OrgnlCreDtTm>2022-12-15T04:38:00.00+05:30</OrgnlCreDtTm>
         <OrgnlNbOfTxs>1</OrgnlNbOfTxs>
         <StsRsnInf>
            <Rsn>
               <Prtry>RJCT 2022-12-15T04:39:16.16+04:39</Prtry>
            </Rsn>
         </StsRsnInf>
         <NbOfTxsPerSts>
            <DtldNbOfTxs>1</DtldNbOfTxs>
            <DtldSts>RJCT</DtldSts>
            <DtldCtrlSum>1000.00</DtldCtrlSum>
         </NbOfTxsPerSts>
      </OrgnlGrpInfAndSts>
      <TxInfAndSts>
         <StsId>6e374beac7144bf4a9b06f7dd3023661</StsId>
         <OrgnlEndToEndId>f1e4f956f66542d4acd4f5d07e2a47b3</OrgnlEndToEndId>
         <OrgnlTxId>UXC22112200012T00001</OrgnlTxId>
         <OrgnlUETR>8dee360b-6f57-40b3-8bc7-67a926388ade</OrgnlUETR>
         <StsRsnInf>
            <Rsn>
               <Prtry>RJCT 2022-12-15T04:39:16.16+04:39</Prtry>
            </Rsn>
            <AddtlInf>RJCT 2022-12-15T04:39:16.16+04:39</AddtlInf>
         </StsRsnInf>
         <ClrSysRef>7eebe9c87d9c44daa3b0e73d6229b99b</ClrSysRef>
         <OrgnlTxRef>
            <DbtrAgt>
               <FinInstnId>
                  <BICFI>ADCBAEA0</BICFI>
               </FinInstnId>
            </DbtrAgt>
            <CdtrAgt>
               <FinInstnId>
                  <BICFI>TOPBANKA</BICFI>
               </FinInstnId>
            </CdtrAgt>
         </OrgnlTxRef>
      </TxInfAndSts>
   </FIToFIPmtStsRpt>
</Document>
