<?xml version="1.0" encoding="utf-8"?><Document xmlns="urn:iso:std:iso:20022:tech:xsd:pacs.002.001.11">
   <FIToFIPmtStsRpt>
      <GrpHdr>
         <MsgId>12aeff7e3ad04f888ab46b437c4096a5</MsgId>
         <CreDtTm>2022-12-15T06:13:09.09+06:13</CreDtTm>
         <InstgAgt>
            <FinInstnId>
               <BICFI>AEPCAEA0</BICFI>
            </FinInstnId>
         </InstgAgt>
         <InstdAgt>
            <FinInstnId>
               <BICFI>ADCBAEA0</BICFI>
            </FinInstnId>
         </InstdAgt>
      </GrpHdr>
      <OrgnlGrpInfAndSts>
         <OrgnlMsgId>Raj401</OrgnlMsgId>
         <OrgnlMsgNmId>pacs.004.001.11</OrgnlMsgNmId>
         <OrgnlCreDtTm>2022-11-23T12:30:55.917+01:00</OrgnlCreDtTm>
         <OrgnlNbOfTxs>1</OrgnlNbOfTxs>
         <StsRsnInf>
            <Rsn>
               <Prtry>RJCT 2022-12-15T06:13:09.09+06:13</Prtry>
            </Rsn>
         </StsRsnInf>
         <NbOfTxsPerSts>
            <DtldNbOfTxs>1</DtldNbOfTxs>
            <DtldSts>RJCT</DtldSts>
            <DtldCtrlSum>1000.00</DtldCtrlSum>
         </NbOfTxsPerSts>
      </OrgnlGrpInfAndSts>
      <TxInfAndSts>
         <StsId>c901e79836a7407e89b56326bc4de99e</StsId>
         <OrgnlEndToEndId>UXC22112200012E00001</OrgnlEndToEndId>
         <OrgnlTxId>UXC22112200012T00001</OrgnlTxId>
         <OrgnlUETR>8dee360b-6f57-40b3-8bc7-67a926388ade</OrgnlUETR>
         <StsRsnInf>
            <Rsn>
               <Prtry>RJCT 2022-12-15T06:13:09.09+06:13</Prtry>
            </Rsn>
            <AddtlInf>AM05</AddtlInf>
         </StsRsnInf>
         <ClrSysRef>EXPSN1l6oztkqn01</ClrSysRef>
         <OrgnlTxRef>
            <DbtrAgt>
               <FinInstnId>
                  <BICFI>ADCBAEA0</BICFI>
               </FinInstnId>
            </DbtrAgt>
            <CdtrAgt>
               <FinInstnId>
                  <BICFI>AEPCAEA0</BICFI>
               </FinInstnId>
            </CdtrAgt>
         </OrgnlTxRef>
      </TxInfAndSts>
   </FIToFIPmtStsRpt>
</Document>
