<?xml version="1.0" encoding="UTF-8"?>
<Document xmlns="urn:iso:std:iso:20022:tech:xsd:pacs.002.001.11">
   <FIToFIPmtStsRpt>
      <GrpHdr>
         <MsgId>EXPSN1l6ntpiup00</MsgId>
         <CreDtTm>2022-11-22T12:30:55.917+01:00</CreDtTm>
         <InstgAgt>
            <FinInstnId>
               <BICFI>ADCBAEA0</BICFI>
            </FinInstnId>
         </InstgAgt>
         <InstdAgt>
            <FinInstnId>
               <BICFI>AEPCAEA0</BICFI>
            </FinInstnId>
         </InstdAgt>
      </GrpHdr>
      <OrgnlGrpInfAndSts>
         <OrgnlMsgId>UXC22112200012</OrgnlMsgId>
         <OrgnlMsgNmId>pacs.008</OrgnlMsgNmId>
         <OrgnlCreDtTm>2022-11-22T12:30:55.917+01:00</OrgnlCreDtTm>
         <OrgnlNbOfTxs>1</OrgnlNbOfTxs>
         <StsRsnInf>
            <Rsn>
               <Prtry>ACCP 2022-11-22T12:30:55.917+04:00</Prtry>
            </Rsn>
         </StsRsnInf>
         <NbOfTxsPerSts>
            <DtldNbOfTxs>1</DtldNbOfTxs>
            <DtldSts>ACCP</DtldSts>
            <DtldCtrlSum>1000.00</DtldCtrlSum>
         </NbOfTxsPerSts>
      </OrgnlGrpInfAndSts>
      <TxInfAndSts>
         <StsId>EXPSN1l6ntpiup00</StsId>
         <OrgnlEndToEndId>UXC22112200012E00001</OrgnlEndToEndId>
         <OrgnlTxId>UXC22112200012T00001</OrgnlTxId>
         <OrgnlUETR>8dee360b-6f57-40b3-8bc7-67a926388ade</OrgnlUETR>
         <StsRsnInf>
            <Rsn>
               <Prtry>ACCP 2022-11-22T12:30:55.917+04:00</Prtry>
            </Rsn>
            <AddtlInf>ACCP 2022-11-22T12:30:55.917+04:00</AddtlInf>
         </StsRsnInf>
         <ClrSysRef>EXPSN1l6oztkqn01</ClrSysRef>
         <OrgnlTxRef>
            <DbtrAgt>
               <FinInstnId>
                  <BICFI>PTSAZADD002</BICFI>
               </FinInstnId>
            </DbtrAgt>
            <CdtrAgt>
               <FinInstnId>
                  <BICFI>PTSAZADD003</BICFI>
               </FinInstnId>
            </CdtrAgt>
         </OrgnlTxRef>
      </TxInfAndSts>
   </FIToFIPmtStsRpt>
</Document>