<?xml version="1.0" encoding="UTF-8"?>
<Document 	xmlns="urn:iso:std:iso:20022:tech:xsd:pacs.008.001.08"
	xmlns:xsi="http://www.w3.org/2001/XMLSchema-instance"
	xsi:schemaLocation="urn:iso:std:iso:20022:tech:xsd:pacs.008.001.08 pacs.008.001.08.xsd ">

	<FIToFICstmrCdtTrf>
		<GrpHdr>
			<MsgId>34634754753463475475346388</MsgId>
			<CreDtTm>1980-03-23T19:20:30.45+01:00</CreDtTm>
			<!-- <BtchBookg>false</BtchBookg> -->
			<NbOfTxs>1</NbOfTxs>
			<!--<CtrlSum>3456436463.43</CtrlSum> -->
			<SttlmInf><!-- added new -->
				<SttlmMtd>INDA</SttlmMtd>
			</SttlmInf>
		</GrpHdr>
		<CdtTrfTxInf>
			<PmtId>
				<InstrId>Payment by Card</InstrId>
				<EndToEndId>34345ETRD3423</EndToEndId>
				<TxId>TRAN3454364364354</TxId>
				<UETR>ee92b258-2DF95e-4dce-92c6-b00bf6be1991</UETR>
				<ClrSysRef>HDFC CLEAR TRAN</ClrSysRef>
			</PmtId>
			<PmtTpInf>
				<InstrPrty>HIGH</InstrPrty>
				<ClrChanl>RTGS</ClrChanl>
				<SvcLvl>
					<Prtry>HDFC</Prtry>
				</SvcLvl>
				<LclInstrm>
					<Cd>IND</Cd>
				</LclInstrm>
				<CtgyPurp>
					<Cd>IND</Cd>
				</CtgyPurp>
			</PmtTpInf>
			<IntrBkSttlmAmt Ccy="EUR">34543643.89</IntrBkSttlmAmt>
			<IntrBkSttlmDt>1980-03-23</IntrBkSttlmDt>
			<SttlmPrty>HIGH</SttlmPrty>
			<SttlmTmIndctn>
				<DbtDtTm>1980-03-23T19:20:30.45+01:00</DbtDtTm>
			</SttlmTmIndctn>
			<SttlmTmReq>
				<CLSTm>19:20:30.45+01:00</CLSTm>
			</SttlmTmReq>
			<!-- <AccptncDtTm>1980-03-23T19:20:30.45+01:00</AccptncDtTm> <PoolgAdjstmntDt>1980-03-23</PoolgAdjstmntDt> -->
			<InstdAmt Ccy="EUR">353246324.43</InstdAmt>
			<XchgRate>5.34</XchgRate>
			<ChrgBr>CRED</ChrgBr>
			<ChrgsInf>
				<Amt Ccy="EUR">43534643.98</Amt>
				<Agt>
					<FinInstnId>
						<BICFI>CHASUS33001</BICFI>
						<ClrSysMmbId>
							<ClrSysId>
								<Cd>5</Cd>
							</ClrSysId>
							<MmbId>123</MmbId>
						</ClrSysMmbId>
						<LEI>A356757657657UB67866</LEI>
						<Nm>Fiancial Institute of Akash</Nm>
						<PstlAdr>
							<Dept>IT</Dept>
							<SubDept>Finance</SubDept>
							<StrtNm>Jagdamba Bhavan Road</StrtNm>
							<BldgNb>2</BldgNb>
							<BldgNm>Essence</BldgNm>
							<Flr>3</Flr>
							<PstBx>411028</PstBx>
							<Room>3</Room>
							<PstCd>45454545454</PstCd>
							<TwnNm>Undri</TwnNm>
							<TwnLctnNm>Hadapsar</TwnLctnNm>
							<DstrctNm>Haveli</DstrctNm>
							<CtrySubDvsn>Pune</CtrySubDvsn>
							<Ctry>IN</Ctry>
							<AdrLine>B34 Jag Road Maharashtra</AdrLine>
						</PstlAdr>
					</FinInstnId>
				</Agt>
			</ChrgsInf>
			<!--<MndtRltdInf> <MndtId>ID343535T45-34</MndtId> <Tp> <SvcLvl> <Cd>COD1</Cd> 
				</SvcLvl> <LclInstrm> <Cd>COD4</Cd> </LclInstrm> <CtgyPurp> <Cd>CAT1</Cd> 
				</CtgyPurp> <Clssfctn> <Cd>FIXE</Cd> </Clssfctn> </Tp> <DtOfSgntr>1980-03-23</DtOfSgntr> 
				<DtOfVrfctn>1980-03-23T10:20:15</DtOfVrfctn> <ElctrncSgntr>aGVyb25neWFuZy5jb20=</ElctrncSgntr> 
				<FrstPmtDt>1980-03-23</FrstPmtDt> <FnlPmtDt>1980-03-23</FnlPmtDt> <Frqcy> 
				<Tp>MNTH</Tp> <Prd> <FrequencyPeriod1> <Tp>MNTH</Tp> <CntPerPrd>34534.67</CntPerPrd> 
				</FrequencyPeriod1> </Prd> <PtInTm> <FrequencyAndMoment1> <Tp>MNTH</Tp> <PtInTm>12</PtInTm> 
				</FrequencyAndMoment1> </PtInTm> </Frqcy> <Rsn> <Cd>CER</Cd> </Rsn> </MndtRltdInf> -->
			<PrvsInstgAgt1>
				<!-- <BranchAndFinancialInstitutionIdentification6> -->
				<FinInstnId>
					<BICFI>CHASUS33001</BICFI>
					<ClrSysMmbId>
						<ClrSysId>
							<Cd>HOME</Cd>
						</ClrSysId>
						<MmbId>123</MmbId>
					</ClrSysMmbId>
					<LEI>A356757657657UB67866</LEI>
					<Nm>Fiancial Institute of Akash</Nm>
					<PstlAdr>
						<Dept>IT</Dept>
						<SubDept>Finance</SubDept>
						<StrtNm>Jagdamba Bhavan Road</StrtNm>
						<BldgNb>2</BldgNb>
						<BldgNm>Essence</BldgNm>
						<Flr>3</Flr>
						<PstBx>411028</PstBx>
						<Room>3</Room>
						<PstCd>45454545454</PstCd>
						<TwnNm>Undri</TwnNm>
						<TwnLctnNm>Hadapsar</TwnLctnNm>
						<DstrctNm>Haveli</DstrctNm>
						<CtrySubDvsn>Pune</CtrySubDvsn>
						<Ctry>IN</Ctry>
						<AdrLine>B34 Jag Road Maharashtra</AdrLine>
					</PstlAdr>
				</FinInstnId>
				<!-- </BranchAndFinancialInstitutionIdentification6> -->
			</PrvsInstgAgt1>
			<PrvsInstgAgt1Acct>
				<Id>
					<IBAN>AA34343AAA33335344</IBAN>
				</Id>
				<Tp>
					<Cd>COD9</Cd>
				</Tp>
				<Ccy>INR</Ccy>
				<Nm>AgentFinancial</Nm>
				<Prxy>
					<Tp>
						<Cd>GAP2</Cd>
					</Tp>
					<Id>w12</Id>
				</Prxy>
			</PrvsInstgAgt1Acct>
			<!-- <PrvsInstgAgt2></PrvsInstgAgt2> <PrvsInstgAgt2Acct></PrvsInstgAgt2Acct> -->
			<PrvsInstgAgt3>
				<FinInstnId>
					<BICFI>CHASUS33001</BICFI>
					<ClrSysMmbId>
						<ClrSysId>
							<Cd>5</Cd>
						</ClrSysId>
						<MmbId>123</MmbId>
					</ClrSysMmbId>
					<LEI>A356757657657UB67866</LEI>
					<Nm>Fiancial Institute of Akash</Nm>
					<PstlAdr>
						<Dept>IT</Dept>
						<SubDept>Finance</SubDept>
						<StrtNm>Jagdamba Bhavan Road</StrtNm>
						<BldgNb>2</BldgNb>
						<BldgNm>Essence</BldgNm>
						<Flr>3</Flr>
						<PstBx>411028</PstBx>
						<Room>3</Room>
						<PstCd>45454545454</PstCd>
						<TwnNm>Undri</TwnNm>
						<TwnLctnNm>Hadapsar</TwnLctnNm>
						<DstrctNm>Haveli</DstrctNm>
						<CtrySubDvsn>Pune</CtrySubDvsn>
						<Ctry>IN</Ctry>
						<AdrLine>B34 Jag Road Maharashtra</AdrLine>
					</PstlAdr>
				</FinInstnId>
			</PrvsInstgAgt3>
			<PrvsInstgAgt3Acct>
				<Id>
					<IBAN>AA34343AAA33335344</IBAN>
				</Id>
				<Tp>
					<Cd>COD9</Cd>
				</Tp>
				<Ccy>INR</Ccy>
				<Nm>AgentFinancial</Nm>
				<!-- <Prxy> <Tp> <Cd>GAP2</Cd> </Tp> </Prxy> -->
			</PrvsInstgAgt3Acct>
			<InstgAgt>
				<FinInstnId>
					<BICFI>CHASUS33001</BICFI>
					<ClrSysMmbId>
						<ClrSysId>
							<Cd>5</Cd>
						</ClrSysId>
						<MmbId>123</MmbId>
					</ClrSysMmbId>
					<LEI>A356757657657UB67866</LEI>
				</FinInstnId>
			</InstgAgt>
			<InstdAgt>
				<FinInstnId>
					<BICFI>CHASUS33001</BICFI>
					<ClrSysMmbId>
						<ClrSysId>
							<Cd>5</Cd>
						</ClrSysId>
						<MmbId>123</MmbId>
					</ClrSysMmbId>
					<LEI>A356757657657UB67866</LEI>
				</FinInstnId>
			</InstdAgt>
			<IntrmyAgt1>
				<FinInstnId>
					<BICFI>CHASUS33001</BICFI>
					<ClrSysMmbId>
						<ClrSysId>
							<Cd>5</Cd>
						</ClrSysId>
						<MmbId>123</MmbId>
					</ClrSysMmbId>
					<LEI>A356757657657UB67866</LEI>
				</FinInstnId>
			</IntrmyAgt1>
			<IntrmyAgt1Acct>
				<Id>
					<IBAN>AA34343AAA33335</IBAN>
				</Id>
				<Tp>
					<Cd>COD9</Cd>
				</Tp>
				<Ccy>INR</Ccy>
				<Nm>AgentFinancial</Nm>
				<Prxy>
					<Tp>
						<Cd>GAP2</Cd>
					</Tp>
					<Id>w12</Id>
				</Prxy>
			</IntrmyAgt1Acct>
			<IntrmyAgt2>
				<FinInstnId>
					<BICFI>CHASUS33001</BICFI>
					<ClrSysMmbId>
						<ClrSysId>
							<Cd>5</Cd>
						</ClrSysId>
						<MmbId>123</MmbId>
					</ClrSysMmbId>
					<LEI>A356757657657UB67866</LEI>
				</FinInstnId>
			</IntrmyAgt2>
			<IntrmyAgt2Acct>
				<Id>
					<IBAN>AA34343AAA33335</IBAN>
				</Id>
				<Tp>
					<Cd>COD9</Cd>
				</Tp>
				<Ccy>INR</Ccy>
				<Nm>AgentFinancial</Nm>
				<Prxy>
					<Tp>
						<Cd>GAP2</Cd>
					</Tp>
					<Id>w12</Id>
				</Prxy>
			</IntrmyAgt2Acct>
			<IntrmyAgt3>
				<FinInstnId>
					<BICFI>CHASUS33001</BICFI>
					<ClrSysMmbId>
						<ClrSysId>
							<Cd>5</Cd>
						</ClrSysId>
						<MmbId>123</MmbId>
					</ClrSysMmbId>
					<LEI>A356757657657UB67866</LEI>
				</FinInstnId>
			</IntrmyAgt3>
			<IntrmyAgt3Acct>
				<Id>
					<IBAN>AA34343AAA33335</IBAN>
				</Id>
				<Tp>
					<Cd>COD9</Cd>
				</Tp>
				<Ccy>INR</Ccy>
				<Nm>AgentFinancial</Nm>
				<Prxy>
					<Tp>
						<Cd>GAP2</Cd>
					</Tp>
					<Id>w12</Id>
				</Prxy>
			</IntrmyAgt3Acct>

			<UltmtDbtr></UltmtDbtr>
			<InitgPty></InitgPty>
			<Dbtr></Dbtr>
			<DbtrAcct>
				<Id>
					<IBAN>AA34343AAA33335</IBAN>
				</Id>
				<Tp>
					<Cd>COD9</Cd>
				</Tp>
				<Ccy>INR</Ccy>
				<Nm>AgentFinancial</Nm>
				<Prxy>
					<Tp>
						<Cd>GAP2</Cd>
					</Tp>
					<Id>w12</Id>
				</Prxy>
			</DbtrAcct>
			<DbtrAgt>
				<FinInstnId>
					<BICFI>CHASUS33001</BICFI>
					<ClrSysMmbId>
						<ClrSysId>
							<Cd>5</Cd>
						</ClrSysId>
						<MmbId>123</MmbId>
					</ClrSysMmbId>
					<LEI>A356757657657UB67866</LEI>
				</FinInstnId>
			</DbtrAgt>
			<DbtrAgtAcct>
				<Id>
					<IBAN>AA34343AAA33335</IBAN>
				</Id>
				<Tp>
					<Cd>COD9</Cd>
				</Tp>
				<Ccy>INR</Ccy>
				<Nm>AgentFinancial</Nm>
				<Prxy>
					<Tp>
						<Cd>GAP2</Cd>
					</Tp>
					<Id>w12</Id>
				</Prxy>

			</DbtrAgtAcct>
			<CdtrAgt>
				<FinInstnId>
					<BICFI>CHASUS33001</BICFI>
					<ClrSysMmbId>
						<ClrSysId>
							<Cd>5</Cd>
						</ClrSysId>
						<MmbId>123</MmbId>
					</ClrSysMmbId>
					<LEI>A356757657657UB67866</LEI>
				</FinInstnId>

			</CdtrAgt>
			<CdtrAgtAcct>
				<Id>
					<IBAN>AA34343AAA33335</IBAN>
				</Id>
				<Tp>
					<Cd>COD9</Cd>
				</Tp>
				<Ccy>INR</Ccy>
				<Nm>AgentFinancial</Nm>
				<Prxy>
					<Tp>
						<Cd>GAP2</Cd>
					</Tp>
					<Id>w12</Id>
				</Prxy>

			</CdtrAgtAcct>
			<Cdtr></Cdtr>
			<CdtrAcct>
				<Id>
					<IBAN>AA34343AAA33335</IBAN>
				</Id>
				<Tp>
					<Cd>COD9</Cd>
				</Tp>
				<Ccy>INR</Ccy>
				<Nm>AgentFinancial</Nm>
				<Prxy>
					<Tp>
						<Cd>GAP2</Cd>
					</Tp>
					<Id>w12</Id>
				</Prxy>
			</CdtrAcct>
			<UltmtCdtr>
				<Nm>SuperMarket</Nm>
				<PstlAdr>
					<Dept>IT</Dept>
					<SubDept>Finance</SubDept>
					<StrtNm>Jagdamba Bhavan Road</StrtNm>
					<BldgNb>2</BldgNb>
					<BldgNm>Essence</BldgNm>
					<Flr>3</Flr>
					<PstBx>411028</PstBx>
					<Room>3</Room>
					<PstCd>45454545454</PstCd>
					<TwnNm>Undri</TwnNm>
					<TwnLctnNm>Hadapsar</TwnLctnNm>
					<DstrctNm>Haveli</DstrctNm>
					<CtrySubDvsn>Pune</CtrySubDvsn>
					<Ctry>IN</Ctry>
				</PstlAdr>
				<Id>
					<OrgId>
						<AnyBIC>6576GFHD</AnyBIC>
						<LEI>A356757657657UB67866</LEI>
					</OrgId>
				</Id>
				<CtryOfRes>IN</CtryOfRes>
			</UltmtCdtr>
			<InstrForCdtrAgt></InstrForCdtrAgt>
			<InstrForNxtAgt></InstrForNxtAgt>
			<Purp>
				<Cd>VES3</Cd>
			</Purp>
			<RgltryRptg>
				<DbtCdtRptgInd>CRED</DbtCdtRptgInd>
				<Authrty>
					<Nm>HDFC Fiancial Institute</Nm>
					<Ctry>IN</Ctry>
				</Authrty>
				<Dtls>
					<Tp>FinTech Limited</Tp>
					<Dt>1980-03-23</Dt>
					<Ctry>IN</Ctry>
					<Cd>TRANC10</Cd>
					<Amt Ccy="EUR">3523634652.54</Amt>
					<Inf>Fintech Transaction - Done</Inf>
				</Dtls>
			</RgltryRptg>
			<RltdRmtInf>
				<RmtLctnDtls>
					<Mtd>EDIC</Mtd>
				</RmtLctnDtls>
			</RltdRmtInf>
			<RmtInf></RmtInf>
			
		</CdtTrfTxInf>
	</FIToFICstmrCdtTrf>
</Document>
