[{
        "id": "benefit_01",
        "name": "Lunch with CEO",
        "description": "test description here"
    },
    {
        "id": "benefit_02",
        "name": "Mint 1 extra NFT",
        "description": "test description here"
    },
    {
        "id": "benefit_03",
        "name": "Physical copy of NFT art",
        "description": "test description here"
    },
    {
        "id": "benefit_04",
        "name": "Join senior-leadership roundtable",
        "description": "test description here"
    },
    {
        "id": "benefit_05",
        "name": "synechron secret gift",
        "description": "test description here"
    },
    {
        "id": "benefit_06",
        "name": "Additional training and education",
        "description": "test description here"
    },
    {
        "id": "benefit_07",
        "name": "Access to yearly synechron mint event",
        "description": "test description here"
    }
]