[{
        "id": 1,
        "name": "Prakash Dudhat",
        "department": "IT",
        "designation": "",
        "photo": "alex"
    },
    {
        "id": 2,
        "name": "Jayesh Bavaji",
        "department": "Sale",
        "designation": "",
        "photo": "carly"
    },
    {
        "id": 3,
        "name": "Sunil Dhakar",
        "department": "IT",
        "designation": "",
        "photo": "chris"
    },
    {
        "id": 4,
        "name": "Dhiraj Deshmukh",
        "department": "IT",
        "designation": "",
        "photo": "kaz"
    }
]