<?xml version="1.0" encoding="utf-8"?>
<Document
	xmlns="urn:iso:std:iso:20022:tech:xsd:pacs.008.001.09">
	<FIToFICstmrCdtTrf>
		<GrpHdr>
			<MsgId>34634754753463475475346388</MsgId>
			<CreDtTm>2022-02-25T18:12:00.00+05:30</CreDtTm>
			<NbOfTxs>1</NbOfTxs>
			<SttlmInf>
				<SttlmMtd>COVE</SttlmMtd>
				<SttlmAcct>
					<Id>
						<IBAN>AZ12az</IBAN>
					</Id>
					<Tp>
						<Cd>CASH</Cd>
					</Tp>
					<Ccy>USD</Ccy>
					<Nm>Kevin</Nm>
					<Prxy>
						<Tp>
							<Cd>CASH</Cd>
						</Tp>
						<Id>str1234</Id>
					</Prxy>
				</SttlmAcct>
			</SttlmInf>
		</GrpHdr>
		<CdtTrfTxInf>
			<PmtId>
				<InstrId>Payment by Card</InstrId>
				<EndToEndId>34345ETRD3423</EndToEndId>
				<TxId>TRAN3454364364354</TxId>
				<UETR>ee92b258-295e-4dce-92c6-b00bf6be1991</UETR>
				<ClrSysRef>HSBC CLEAR TRAN</ClrSysRef>
			</PmtId>
			<PmtTpInf>
				<InstrPrty>NORM</InstrPrty>
				<ClrChanl>RTGS</ClrChanl>
			</PmtTpInf>
			<IntrBkSttlmAmt Ccy="USD">34543643.89</IntrBkSttlmAmt>
			<IntrBkSttlmDt>2022-02-25</IntrBkSttlmDt>
			<SttlmPrty>HIGH</SttlmPrty>
			<SttlmTmIndctn>
				<DbtDtTm>2022-02-25T23:12:00.00+05:30</DbtDtTm>
			</SttlmTmIndctn>
			<InstdAmt Ccy="USD">766.90</InstdAmt>
			<XchgRate>1</XchgRate>
			<ChrgBr>DEBT</ChrgBr>
			<ChrgsInf>
				<Amt Ccy="USD">655.98</Amt>
				<Agt>
					<FinInstnId>
						<BICFI>CTBAAU2S</BICFI>
						<ClrSysMmbId>
							<ClrSysId>
								<Cd>ESNCC</Cd>
							</ClrSysId>
							<MmbId>123</MmbId>
						</ClrSysMmbId>
						<LEI>A356757657657UB67866</LEI>
						<Nm>ANZ Bank</Nm>
						<PstlAdr>
							<Dept>IT</Dept>
							<SubDept>Finance</SubDept>
							<StrtNm>Park Avenue</StrtNm>
							<BldgNb>270</BldgNb>
							<Flr>14</Flr>
							<PstBx>10017</PstBx>
							<Room>15</Room>
							<PstCd>45454545454</PstCd>
							<TwnNm>MELBOURNE</TwnNm>
							<TwnLctnNm>MELBOURNE</TwnLctnNm>
							<DstrctNm>MELBOURNE</DstrctNm>
							<CtrySubDvsn>MELBOURNE</CtrySubDvsn>
							<Ctry>AU</Ctry>
							<AdrLine>270 Park Avenue, MELBOURNE</AdrLine>
						</PstlAdr>
					</FinInstnId>
				</Agt>
			</ChrgsInf>
			<MndtRltdInf>
				<MndtId>str1234</MndtId>
				<DtOfSgntr>2022-02-25</DtOfSgntr>
				<DtOfVrfctn>2022-02-27T18:12:00.00+05:30</DtOfVrfctn>
				<ElctrncSgntr>AAAAZg==</ElctrncSgntr>
				<FrstPmtDt>2022-02-22</FrstPmtDt>
				<FnlPmtDt>2022-03-03</FnlPmtDt>
			</MndtRltdInf>
			<PrvsInstgAgt1>
				<FinInstnId>
					<BICFI>CITIAUXX</BICFI>
					<ClrSysMmbId>
						<ClrSysId>
							<Cd>GRBIC</Cd>
						</ClrSysId>
						<MmbId>A356757657657UB67866</MmbId>
					</ClrSysMmbId>
					<LEI>A356757657657UB67866</LEI>
					<Nm>CITI Bank AU</Nm>
					<PstlAdr>
						<Dept>IT</Dept>
						<SubDept>Finance</SubDept>
						<StrtNm>North Tryon Street</StrtNm>
						<BldgNb>100</BldgNb>
						<Flr>155</Flr>
						<PstBx>28255</PstBx>
						<Room>25</Room>
						<PstCd>345125</PstCd>
						<TwnNm>Sydney</TwnNm>
						<TwnLctnNm>Sydney</TwnLctnNm>
						<DstrctNm>Sydney</DstrctNm>
						<CtrySubDvsn>North Tryon Street</CtrySubDvsn>
						<Ctry>AU</Ctry>
						<AdrLine>North Tryon Street, Sydney, NC</AdrLine>
					</PstlAdr>
				</FinInstnId>
			</PrvsInstgAgt1>
			<PrvsInstgAgt3>
				<FinInstnId>
					<BICFI>CITIUS33</BICFI>
					<ClrSysMmbId>
						<ClrSysId>
							<Cd>PLKNR</Cd>
						</ClrSysId>
						<MmbId>memberid123</MmbId>
					</ClrSysMmbId>
					<LEI>A356757657657UB67866</LEI>
					<Nm>CITICORP US</Nm>
					<PstlAdr>
						<Dept>IT</Dept>
						<SubDept>Finance</SubDept>
						<StrtNm>West Street</StrtNm>
						<BldgNb>200</BldgNb>
						<Flr>44</Flr>
						<PstBx>10282</PstBx>
						<Room>35</Room>
						<PstCd>9875</PstCd>
						<TwnNm>Battery Park City</TwnNm>
						<TwnLctnNm>Manhattan</TwnLctnNm>
						<DstrctNm>New York City</DstrctNm>
						<CtrySubDvsn>New York City</CtrySubDvsn>
						<Ctry>US</Ctry>
						<AdrLine>200 West Street, New York, NY</AdrLine>
					</PstlAdr>
				</FinInstnId>
			</PrvsInstgAgt3>
			<InstgAgt>
				<FinInstnId>
					<BICFI>CTBAAU2S</BICFI>
					<ClrSysMmbId>
						<ClrSysId>
							<Cd>ZANCC</Cd>
						</ClrSysId>
						<MmbId>member123</MmbId>
					</ClrSysMmbId>
					<LEI>A356757657657UB67866</LEI>
				</FinInstnId>
			</InstgAgt>
			<InstdAgt>
				<FinInstnId>
					<BICFI>HSBCUS33</BICFI>
					<ClrSysMmbId>
						<ClrSysId>
							<Cd>GRBIC</Cd>
						</ClrSysId>
						<MmbId>member123</MmbId>
					</ClrSysMmbId>
					<LEI>A356757657657UB67866</LEI>
				</FinInstnId>
			</InstdAgt>
			<Dbtr>
				<Nm>CBA Bank</Nm>
				<PstlAdr>
					<Dept>IT</Dept>
					<SubDept>Finance</SubDept>
					<StrtNm>Greenwich street</StrtNm>
					<BldgNb>388</BldgNb>
					<Flr>35</Flr>
					<PstBx>10013</PstBx>
					<Room>45</Room>
					<PstCd>5</PstCd>
					<TwnNm>MELBOURNE</TwnNm>
					<TwnLctnNm>MELBOURNE</TwnLctnNm>
					<DstrctNm>MELBOURNE</DstrctNm>
					<CtrySubDvsn>MELBOURNE</CtrySubDvsn>
					<Ctry>AU</Ctry>
					<AdrLine>388 Greenwich St, MELBOURNE 10013</AdrLine>
				</PstlAdr>
				<Id>
					<OrgId>
						<AnyBIC>CTBAAU2S</AnyBIC>
						<LEI>A356757657657UB67866</LEI>
						<Othr>
							<Id>122</Id>
							<SchmeNm>
								<Cd>SRET</Cd>
							</SchmeNm>
							<Issr>678</Issr>
						</Othr>
					</OrgId>
				</Id>
				<CtryOfRes>AU</CtryOfRes>
			</Dbtr>
			<DbtrAgt>
				<FinInstnId>
					<BICFI>CTBAAU2S</BICFI>
					<ClrSysMmbId>
						<ClrSysId>
							<Cd>GRBIC</Cd>
						</ClrSysId>
						<MmbId>12643</MmbId>
					</ClrSysMmbId>
					<LEI>A356757657657UB67866</LEI>
				</FinInstnId>
			</DbtrAgt>
			<CdtrAgt>
				<FinInstnId>
					<BICFI>HSBCUS33</BICFI>
					<ClrSysMmbId>
						<ClrSysId>
							<Cd>USABA</Cd>
						</ClrSysId>
						<MmbId>12</MmbId>
					</ClrSysMmbId>
					<LEI>A356757657657UB67866</LEI>
				</FinInstnId>
			</CdtrAgt>
			<Cdtr>
				<Nm>XYZ Customer</Nm>
				<PstlAdr>
					<Dept>IT</Dept>
					<SubDept>Finance</SubDept>
					<StrtNm>street</StrtNm>
					<BldgNb>800</BldgNb>
					<BldgNm>Nicollet Mall</BldgNm>
					<Flr>25</Flr>
					<PstBx>55</PstBx>
					<Room>35</Room>
					<PstCd>55402</PstCd>
					<TwnNm>Sydney</TwnNm>
					<TwnLctnNm>Sydney</TwnLctnNm>
					<DstrctNm>Sydney</DstrctNm>
					<CtrySubDvsn>Sydney</CtrySubDvsn>
					<Ctry>AU</Ctry>
					<AdrLine>800 Nicollet Mall, Sydney</AdrLine>
				</PstlAdr>
				<Id>
					<OrgId>
						<AnyBIC>HSBCUS33</AnyBIC>
						<LEI>A356757657657UB67866</LEI>
						<Othr>
							<Id>1</Id>
							<SchmeNm>
								<Cd>SREN</Cd>
							</SchmeNm>
							<Issr>iss123</Issr>
						</Othr>
					</OrgId>
				</Id>
				<CtryOfRes>AU</CtryOfRes>
			</Cdtr>
			<RgltryRptg>
				<DbtCdtRptgInd>DEBT</DbtCdtRptgInd>
			</RgltryRptg>
			<RltdRmtInf>
				<RmtLctnDtls>
					<Mtd>SMSM</Mtd>
				</RmtLctnDtls>
			</RltdRmtInf>
		</CdtTrfTxInf>
	</FIToFICstmrCdtTrf>
</Document>