<?xml version="1.0" encoding="UTF-8"?>
<Document xmlns="urn:iso:std:iso:20022:tech:xsd:camt.028.001.09">
	<AddtlPmtInf>
		<Assgnmt>
			<Id>34634754753463475475346301</Id>
			<Assgnr>
				<Agt>
					<FinInstnId>
						<ClrSysMmbId>
							<ClrSysId>
								<Cd>USABA</Cd>
							</ClrSysId>
							<MmbId>123456781</MmbId>
						</ClrSysMmbId>
					</FinInstnId>
				</Agt>
			</Assgnr>
			<Assgne>
				<Agt>
					<FinInstnId>
						<ClrSysMmbId>
							<ClrSysId>
								<Cd>GBDSC</Cd>
							</ClrSysId>
							<MmbId>123456782</MmbId>
						</ClrSysMmbId>
					</FinInstnId>
				</Agt>
			</Assgne>
			<CreDtTm>2022-02-25T18:12:00.00+05:30</CreDtTm>
		</Assgnmt>
		<Case>
			<Id>34634754753463475475346388</Id>
			<Cretr>
				<Pty>
					<Nm>Citigroup</Nm>
					<Id>
						<OrgId>
							<AnyBIC>CHASUS33001</AnyBIC>
							<LEI>A356757657657UB67866</LEI>							
						</OrgId>
					</Id>
				</Pty>
			</Cretr>
		</Case>
		<Undrlyg>
			<Initn>
				<OrgnlGrpInf>
					<OrgnlMsgId>34634754753463475475346388</OrgnlMsgId>
					<OrgnlMsgNmId>pacs.008.001.08</OrgnlMsgNmId>
					<OrgnlCreDtTm>2022-02-25T18:12:00.00+05:30</OrgnlCreDtTm>
				</OrgnlGrpInf>
				<OrgnlPmtInfId>34634754753463475475346388</OrgnlPmtInfId>
				<OrgnlEndToEndId>1</OrgnlEndToEndId>
				<OrgnlInstdAmt Ccy="III">766.90</OrgnlInstdAmt>
				<ReqdExctnDt>
					<Dt>2022-09-12</Dt>
				</ReqdExctnDt>
			</Initn>
		</Undrlyg>
		<Inf/>
	</AddtlPmtInf>
</Document>