[
	{
        "msgId": "pacs.008.001.09",
        "msgTypeName": "pacs.008",
        "version": "001.09",
        "description":"pacs 008",
        "inboundMsgId":null,
        "msgType":"0",
        "paymentMsgIdXpath":"FIToFICstmrCdtTrf/GrpHdr/MsgId",
        "xsdFilePath":"configservice/pacs.008.001.09.xsd",
        "xslFilePath":"configservice/pacs.008.001.09.xsl"
    },
	{
		"msgId": "pacs.002.001.11.pacs.008.001.09",
		"msgTypeName": "pacs.002",
		"version": "001.11",
		"inboundMsgId":"pacs.008.001.09",
		"msgType": "3",
		"paymentMsgIdXpath":null,
		"description": "pacs 002.001.011 CBUAE 1.0 xsd and xsl files",
		"xsdFilePath":"configservice/pacs.002.001.11.pacs.008.001.09.xsd",
        "xslFilePath":"configservice/pacs.002.001.11.pacs.008.001.09.xsl"
	},
	{
		"msgId": "pacs.004.001.11",
		"msgTypeName": "pacs.004",
		"version": "001.11",
		"description":"pacs 004",
		"inboundMsgId":null,
		"msgType":"0",
		"paymentMsgIdXpath":"PmtRtr/GrpHdr/MsgId",
		"xsdFilePath":"configservice/pacs.004.001.11.xsd",
		"xslFilePath":"configservice/pacs.004.001.11.xsl"
	},
	{
		"msgId": "pacs.002.001.11.pacs.004.001.11",
		"msgTypeName": "pacs.002",
		"version": "001.11",
		"description":"pacs 002",
		"inboundMsgId":"pacs.004.001.11",
		"msgType":"3",
		"paymentMsgIdXpath":null,
		"xsdFilePath":"configservice/pacs.002.001.11.pacs.004.001.11.xsd",
		"xslFilePath":"configservice/pacs.002.001.11.pacs.004.001.11.xsl"
	} 
]
