[	
	{
	"id": "pacs.002.001.11.AC01.ufZDHTGME35F3DU-p3NJyw",
	"code": "AC01",
	"name": "IncorrectAccountNumber (pacs.002)",
	"definition": "Account number is invalid or missing.",
	"responseMsgId": "pacs.002.001.11.pacs.008.001.09",
	"intiatorMsgTypeId": "pacs.008.001.09"
	},
	{
	"id": "pacs.002.001.11.ACCP.7LPik9oEBAfhAzrni0eiEA",
	"code": "ACCP",
	"name": "Accepted(pacs.002)",
	"definition": "Format of the account number specified is not correct.",
	"responseMsgId": "pacs.002.001.11.pacs.008.001.09",
	"intiatorMsgTypeId": "pacs.008.001.09"
	},
	{
		"id": "pacs.002.001.11.AC03.v5lbWqbTl-gyjM5PVWoUuQ",
		"code": "AC03",
		"name": "InvalidCreditorAccountNumber (pacs.002)",
		"definition": "Creditor account number invalid or missing.",
		"responseMsgId": "pacs.002.001.11.pacs.008.001.09",
		"intiatorMsgTypeId": "pacs.008.001.09"
	},
	{
		"id": "pacs.002.001.11.AC04.VXWtMXNWY9rajANXsq7MCA",
		"code": "AC04",
		"name": "ClosedAccountNumber (pacs.002)",
		"definition": "Account number specified has been closed on the bank of account's books.",
		"responseMsgId": "pacs.002.001.11.pacs.008.001.09",
		"intiatorMsgTypeId": "pacs.008.001.09"
	},
	{
		"id": "pacs.002.001.11.AC06.HszcbPqBuNrlVvZeD0dowg",
		"code": "AC06",
		"name": "BlockedAccount (pacs.002)",
		"definition": "Account specified is blocked, prohibiting posting of transactions against it.",
		"responseMsgId": "pacs.002.001.11.pacs.008.001.09",
		"intiatorMsgTypeId": "pacs.008.001.09"
	},
	{
		"id": "pacs.002.001.10.AC07.xhmRx8PYVDQWMrZ5jHoXjQ",
		"code": "AC07",
		"name": "ClosedCreditorAccountNumber (pacs.002)",
		"definition": "Creditor account number closed.",
		"responseMsgId": "pacs.002.001.11.pacs.008.001.09",
		"intiatorMsgTypeId": "pacs.008.001.09"
	},
	{
		"id": "pacs.002.001.11.AC08.vIRSHwGS50XuqWvpQZE7zg",
		"code": "AC08",
		"name": "InvalidBranchCode (pacs.002)",
		"definition": "Branch code is invalid or missing.",
		"responseMsgId": "pacs.002.001.11.pacs.008.001.09",
		"intiatorMsgTypeId": "pacs.008.001.09"
	},
	{
		"id": "pacs.002.001.11.AC11.J0xdR_b9w2Cpj2DIDt96kw",
		"code": "AC11",
		"name": "InvalidCreditorAccountCurrency (pacs.002)",
		"definition": "Creditor account currency is invalid or missing.",
		"responseMsgId": "pacs.002.001.11.pacs.008.001.09",
		"intiatorMsgTypeId": "pacs.008.001.09"
	},
	{
		"id": "pacs.002.001.11.AC14.b2EJSztiO0hpK8rL9MR1Ug",
		"code": "AC14",
		"name": "InvalidCreditorAccountType (pacs.002)",
		"definition": "Creditor account type missing or invalid.",
		"responseMsgId": "pacs.002.001.11.pacs.008.001.09",
		"intiatorMsgTypeId": "pacs.008.001.09"
	},
	{
		"id": "pacs.002.001.11.AG01.b2EJWztiO0hpM8rL9MR1Ug",
		"code": "AG01",
		"name": "TransactionForbidden (pacs.002)",
		"definition": "Transaction forbidden on this type of account.",
		"responseMsgId": "pacs.002.001.11.pacs.008.001.09",
		"intiatorMsgTypeId": "pacs.008.001.09"
	},
	{
		"id": "pacs.002.001.11.AG03.zTCdbgEzlYqtsSKxYEuweQ",
		"code": "AG03",
		"name": "TransactionNotSupported (pacs.002)",
		"definition": "Transaction type not supported/authorized on this account.",
		"responseMsgId": "pacs.002.001.11.pacs.008.001.09",
		"intiatorMsgTypeId": "pacs.008.001.09"
	},
	{
		"id": "pacs.002.001.11.AG13.yArxHoeeTHkcxJxN_lGhEQ",
		"code": "AG13",
		"name": "ForbiddenReturnPayment (pacs.002)",
		"definition": "Returned payments derived from previously returned transactions are not allowed.",
		"responseMsgId": "pacs.002.001.11.pacs.008.001.09",
		"intiatorMsgTypeId": "pacs.008.001.09"
	},
	{
		"id": "pacs.002.001.10.AM01.q4gsqOmMUABAHOsOpL28hg",
		"code": "AM01",
		"name": "NotAllowedCurrency (pacs.002)",
		"definition": "Specified message amount is equal to zero.",
		"responseMsgId": "pacs.002.001.11.pacs.008.001.09",
		"intiatorMsgTypeId": "pacs.008.001.09"
	},
	{
		"id": "pacs.002.001.11.AM02.yArxHoeeTHkcxJxN_lGhEQ",
		"code": "AM02",
		"name": "NotAllowedAmount (pacs.002)",
		"definition": "Specific transaction/message amount is greater than allowed maximum.",
		"responseMsgId": "pacs.002.001.11.pacs.008.001.09",
		"intiatorMsgTypeId": "pacs.008.001.09"
	},
	{
		"id": "pacs.002.001.11.AM03.q4gsqOmMUABAHOsOpL28hg",
		"code": "AM03",
		"name": "NotAllowedCurrency (pacs.002)",
		"definition": "Specified message amount is a non processable currency outside of existing agreement.",
		"responseMsgId": "pacs.002.001.11.pacs.008.001.09",
		"intiatorMsgTypeId": "pacs.008.001.09"
	}
	,
	{
		"id": "pacs.002.001.11.AM04.dTJBwNw3lxF3em-ImhecOA",
		"code": "AM04",
		"name": "InsufficientFunds (pacs.002)",
		"definition": "Amount of funds available to cover specified message amount is insufficient.",
		"responseMsgId": "pacs.002.001.11.pacs.008.001.09",
		"intiatorMsgTypeId": "pacs.008.001.09"
	},
	{
		"id": "pacs.002.001.11.AM05.kF9PHNGyFiQ5PwWs6QQx6A",
		"code": "AM05",
		"name": "Duplication (pacs.002)",
		"definition": "Duplication.",
		"responseMsgId": "pacs.002.001.11.pacs.008.001.09",
		"intiatorMsgTypeId": "pacs.008.001.09"
	},
	{
		"id": "pacs.002.001.11.AM09.tWkiWXKgNMWci2-Ojfjx5A",
		"code": "AM09",
		"name": "WrongAmount (pacs.002)",
		"definition": "Amount received is not the amount agreed or expected",
		"responseMsgId": "pacs.002.001.11.pacs.008.001.09",
		"intiatorMsgTypeId": "pacs.008.001.09"
	},
	{
		"id": "pacs.002.001.11.AM11.tsF9SewN4dI-Wa9pUPPYUQ",
		"code": "AM11",
		"name": "InvalidTransactionCurrency (pacs.002)",
		"definition": "Transaction currency is invalid or missing.",
		"responseMsgId": "pacs.002.001.11.pacs.008.001.09",
		"intiatorMsgTypeId": "pacs.008.001.09"
	},
	{
		"id": "pacs.002.001.11.AM12.MW89d4Hv5NXezX0ulXYhow",
		"code": "AM12",
		"name": "InvalidAmount (pacs.002)",
		"definition": "Amount is invalid or missing.",
		"responseMsgId": "pacs.002.001.11.pacs.008.001.09",
		"intiatorMsgTypeId": "pacs.008.001.09"
	},
	{
		"id": "pacs.002.001.11.AM14.swqebmzYhrELxMqRdvqksg",
		"code": "AM14",
		"name": "AmountExceedsAgreedLimit (pacs.002)",
		"definition": "Transaction amount exceeds limits agreed between bank and client.",
		"responseMsgId": "pacs.002.001.11.pacs.008.001.09",
		"intiatorMsgTypeId": "pacs.008.001.09"
	},
	{
		"id": "pacs.002.001.11.BE06.ufZDHTGME35F3DU-p3NJyw",
		"code": "BE06",
		"name": "UnknownEndCustomer (pacs.002)",
		"definition": "End customer specified is not known at associated Sort/National Bank Code or does no longer exist in the books",
		"responseMsgId": "pacs.002.001.11.pacs.008.001.09",
		"intiatorMsgTypeId": "pacs.008.001.09"
	},
	{
		"id": "pacs.002.001.11.BE21.5WE7UlIqBYgNvqARK5hxgQ",
		"code": "BE21",
		"name": "MissingName (pacs.002)",
		"definition": "Name missing or invalid. Generic usage if cannot specifically identify debtor or creditor.",
		"responseMsgId": "pacs.002.001.11.pacs.008.001.09",
		"intiatorMsgTypeId": "pacs.008.001.09"
	},
	{
		"id": "pacs.002.001.11.BE22.37tLP0TPufk4N7zdH1qzCA",
		"code": "BE22",
		"name": "MissingCreditorName (pacs.002)",
		"definition": "Creditor name is missing.",
		"responseMsgId": "pacs.002.001.11.pacs.008.001.09",
		"intiatorMsgTypeId": "pacs.008.001.09"
	},
	{
		"id": "pacs.002.001.10.DS27.RkSjJJcxMoHelp5QG7A_LA",
		"code": "DS27",
		"name": "UserNotYetActivated (pacs.002)",
		"definition": "The user is not yet activated (technically).",
		"responseMsgId": "pacs.002.001.11.pacs.008.001.09",
		"intiatorMsgTypeId": "pacs.008.001.09"
	},
	{
		"id": "pacs.002.001.11.FF05.Ncjqoy9XD6VnE7P4_CHzJg",
		"code": "FF05",
		"name": "InvalidLocalInstrumentCode (pacs.002)",
		"definition": "Local Instrument code is missing or invalid.",
		"responseMsgId": "pacs.002.001.11.pacs.008.001.09",
		"intiatorMsgTypeId": "pacs.008.001.09"
	},
	{
		"id": "pacs.002.001.11.FF06.X8WcNBdY8maUfxnmlcRpMw",
		"code": "FF06",
		"name": "InvalidCategoryPurposeCode (pacs.002)",
		"definition": "Category Purpose code is missing or invalid.",
		"responseMsgId": "pacs.002.001.11.pacs.008.001.09",
		"intiatorMsgTypeId": "pacs.008.001.09"
	},
	{
		"id": "pacs.002.001.11.FF07.mRFxvR-XOLkUwq7_fQxm2Q",
		"code": "FF07",
		"name": "InvalidPurpose (pacs.002)",
		"definition": "Purpose is missing or invalid.",
		"responseMsgId": "pacs.002.001.11.pacs.008.001.09",
		"intiatorMsgTypeId": "pacs.008.001.09"
	},
	{
		"id": "pacs.002.001.11.FF08.nX07VkH_meySmw7mwywvkw",
		"code": "FF08",
		"name": "InvalidEndToEndId (pacs.002)",
		"definition": "End to End Id missing or invalid.",
		"responseMsgId": "pacs.002.001.11.pacs.008.001.09",
		"intiatorMsgTypeId": "pacs.008.001.09"
	},
	{
		"id": "pacs.002.001.11.UCRD.7LPik9oEBAfhAzrni0eiEA",
		"code": "UCRD",
		"name": "UnknownCreditor (pacs.002)",
		"definition": "Unknown Creditor.",
		"responseMsgId": "pacs.002.001.11.pacs.008.001.09",
		"intiatorMsgTypeId": "pacs.008.001.09"
	},
	{
		"id": "pacs.002.001.11.AC01.ufZDHTGME35F3DU-p3NJya",
		"code": "AC01",
		"name": "IncorrectAccountNumber (pacs.002)",
		"definition": "Account number is invalid or missing.",
		"responseMsgId": "pacs.002.001.11.pacs.004.001.11",
		"intiatorMsgTypeId": "pacs.004.001.11"
	},
	{
		"id": "pacs.002.001.11.ACCP.7LPik9oEBAfhAzrni0eiEb",
		"code": "ACCP",
		"name": "Accepted(pacs.002)",
		"definition": "Format of the account number specified is not correct.",
		"responseMsgId": "pacs.002.001.11.pacs.004.001.11",
		"intiatorMsgTypeId": "pacs.004.001.11"
	},
	{
		"id": "pacs.002.001.11.AC03.v5lbWqbTl-gyjM5PVWoUuc",
		"code": "AC03",
		"name": "InvalidCreditorAccountNumber (pacs.002)",
		"definition": "Creditor account number invalid or missing.",
		"responseMsgId": "pacs.002.001.11.pacs.004.001.11",
		"intiatorMsgTypeId": "pacs.004.001.11"
	},
	{
		"id": "pacs.002.001.11.AC04.VXWtMXNWY9rajANXsq7MCd",
		"code": "AC04",
		"name": "ClosedAccountNumber (pacs.002)",
		"definition": "Account number specified has been closed on the bank of account's books.",
		"responseMsgId": "pacs.002.001.11.pacs.004.001.11",
		"intiatorMsgTypeId": "pacs.004.001.11"
	},
	{
		"id": "pacs.002.001.11.AC06.HszcbPqBuNrlVvZeD0dowe",
		"code": "AC06",
		"name": "BlockedAccount (pacs.002)",
		"definition": "Account specified is blocked, prohibiting posting of transactions against it.",
		"responseMsgId": "pacs.002.001.11.pacs.004.001.11",
		"intiatorMsgTypeId": "pacs.004.001.11"
	},
	{
		"id": "pacs.002.001.10.AC07.xhmRx8PYVDQWMrZ5jHoXjf",
		"code": "AC07",
		"name": "ClosedCreditorAccountNumber (pacs.002)",
		"definition": "Creditor account number closed.",
		"responseMsgId": "pacs.002.001.11.pacs.004.001.11",
		"intiatorMsgTypeId": "pacs.004.001.11"
	},
	{
		"id": "pacs.002.001.11.AC08.vIRSHwGS50XuqWvpQZE7zh",
		"code": "AC08",
		"name": "InvalidBranchCode (pacs.002)",
		"definition": "Branch code is invalid or missing.",
		"responseMsgId": "pacs.002.001.11.pacs.004.001.11",
		"intiatorMsgTypeId": "pacs.004.001.11"
	},
	{
		"id": "pacs.002.001.11.AC11.J0xdR_b9w2Cpj2DIDt96kg",
		"code": "AC11",
		"name": "InvalidCreditorAccountCurrency (pacs.002)",
		"definition": "Creditor account currency is invalid or missing.",
		"responseMsgId": "pacs.002.001.11.pacs.004.001.11",
		"intiatorMsgTypeId": "pacs.004.001.11"
	},
	{
		"id": "pacs.002.001.11.AC14.b2EJSztiO0hpK8rL9MR1Ui",
		"code": "AC14",
		"name": "InvalidCreditorAccountType (pacs.002)",
		"definition": "Creditor account type missing or invalid.",
		"responseMsgId": "pacs.002.001.11.pacs.004.001.11",
		"intiatorMsgTypeId": "pacs.004.001.11"
	},
	{
		"id": "pacs.002.001.11.AG01.b2EJWztiO0hpM8rL9MR1Uj",
		"code": "AG01",
		"name": "TransactionForbidden (pacs.002)",
		"definition": "Transaction forbidden on this type of account.",
		"responseMsgId": "pacs.002.001.11.pacs.004.001.11",
		"intiatorMsgTypeId": "pacs.004.001.11"
	},
	{
		"id": "pacs.002.001.11.AG03.zTCdbgEzlYqtsSKxYEuwek",
		"code": "AG03",
		"name": "TransactionNotSupported (pacs.002)",
		"definition": "Transaction type not supported/authorized on this account.",
		"responseMsgId": "pacs.002.001.11.pacs.004.001.11",
		"intiatorMsgTypeId": "pacs.004.001.11"
	},
	{
		"id": "pacs.002.001.11.AG13.yArxHoeeTHkcxJxN_lGhEl",
		"code": "AG13",
		"name": "ForbiddenReturnPayment (pacs.002)",
		"definition": "Returned payments derived from previously returned transactions are not allowed.",
		"responseMsgId": "pacs.002.001.11.pacs.004.001.11",
		"intiatorMsgTypeId": "pacs.004.001.11"
	},
	{
		"id": "pacs.002.001.10.AM01.q4gsqOmMUABAHOsOpL28hm",
		"code": "AM01",
		"name": "NotAllowedCurrency (pacs.002)",
		"definition": "Specified message amount is equal to zero.",
		"responseMsgId": "pacs.002.001.11.pacs.004.001.11",
		"intiatorMsgTypeId": "pacs.004.001.11"
	},
	{
		"id": "pacs.002.001.11.AM02.yArxHoeeTHkcxJxN_lGhEn",
		"code": "AM02",
		"name": "NotAllowedAmount (pacs.002)",
		"definition": "Specific transaction/message amount is greater than allowed maximum.",
		"responseMsgId": "pacs.002.001.11.pacs.004.001.11",
		"intiatorMsgTypeId": "pacs.004.001.11"
	},
	{
		"id": "pacs.002.001.11.AM03.q4gsqOmMUABAHOsOpL28ho",
		"code": "AM03",
		"name": "NotAllowedCurrency (pacs.002)",
		"definition": "Specified message amount is a non processable currency outside of existing agreement.",
		"responseMsgId": "pacs.002.001.11.pacs.004.001.11",
		"intiatorMsgTypeId": "pacs.004.001.11"
	}
	,
	{
		"id": "pacs.002.001.11.AM04.dTJBwNw3lxF3em-ImhecOp",
		"code": "AM04",
		"name": "InsufficientFunds (pacs.002)",
		"definition": "Amount of funds available to cover specified message amount is insufficient.",
		"responseMsgId": "pacs.002.001.11.pacs.004.001.11",
		"intiatorMsgTypeId": "pacs.004.001.11"
	},
	{
		"id": "pacs.002.001.11.AM05.kF9PHNGyFiQ5PwWs6QQx6q",
		"code": "AM05",
		"name": "Duplication (pacs.002)",
		"definition": "Duplication.",
		"responseMsgId": "pacs.002.001.11.pacs.004.001.11",
		"intiatorMsgTypeId": "pacs.004.001.11"
	},
	{
		"id": "pacs.002.001.11.AM09.tWkiWXKgNMWci2-Ojfjx5r",
		"code": "AM09",
		"name": "WrongAmount (pacs.002)",
		"definition": "Amount received is not the amount agreed or expected",
		"responseMsgId": "pacs.002.001.11.pacs.004.001.11",
		"intiatorMsgTypeId": "pacs.004.001.11"
	},
	{
		"id": "pacs.002.001.11.AM11.tsF9SewN4dI-Wa9pUPPYUs",
		"code": "AM11",
		"name": "InvalidTransactionCurrency (pacs.002)",
		"definition": "Transaction currency is invalid or missing.",
		"responseMsgId": "pacs.002.001.11.pacs.004.001.11",
		"intiatorMsgTypeId": "pacs.004.001.11"
	},
	{
		"id": "pacs.002.001.11.AM12.MW89d4Hv5NXezX0ulXYhot",
		"code": "AM12",
		"name": "InvalidAmount (pacs.002)",
		"definition": "Amount is invalid or missing.",
		"responseMsgId": "pacs.002.001.11.pacs.004.001.11",
		"intiatorMsgTypeId": "pacs.004.001.11"
	},
	{
		"id": "pacs.002.001.11.AM14.swqebmzYhrELxMqRdvqksu",
		"code": "AM14",
		"name": "AmountExceedsAgreedLimit (pacs.002)",
		"definition": "Transaction amount exceeds limits agreed between bank and client.",
		"responseMsgId": "pacs.002.001.11.pacs.004.001.11",
		"intiatorMsgTypeId": "pacs.004.001.11"
	},
	{
		"id": "pacs.002.001.11.BE06.ufZDHTGME35F3DU-p3NJyv",
		"code": "BE06",
		"name": "UnknownEndCustomer (pacs.002)",
		"definition": "End customer specified is not known at associated Sort/National Bank Code or does no longer exist in the books",
		"responseMsgId": "pacs.002.001.11.pacs.004.001.11",
		"intiatorMsgTypeId": "pacs.004.001.11"
	},
	{
		"id": "pacs.002.001.11.BE21.5WE7UlIqBYgNvqARK5hxgx",
		"code": "BE21",
		"name": "MissingName (pacs.002)",
		"definition": "Name missing or invalid. Generic usage if cannot specifically identify debtor or creditor.",
		"responseMsgId": "pacs.002.001.11.pacs.004.001.11",
		"intiatorMsgTypeId": "pacs.004.001.11"
	},
	{
		"id": "pacs.002.001.11.BE22.37tLP0TPufk4N7zdH1qzCy",
		"code": "BE22",
		"name": "MissingCreditorName (pacs.002)",
		"definition": "Creditor name is missing.",
		"responseMsgId": "pacs.002.001.11.pacs.004.001.11",
		"intiatorMsgTypeId": "pacs.004.001.11"
	},
	{
		"id": "pacs.002.001.10.DS27.RkSjJJcxMoHelp5QG7A_Lz",
		"code": "DS27",
		"name": "UserNotYetActivated (pacs.002)",
		"definition": "The user is not yet activated (technically).",
		"responseMsgId": "pacs.002.001.11.pacs.004.001.11",
		"intiatorMsgTypeId": "pacs.004.001.11"
	},
	{
		"id": "pacs.002.001.11.FF05.Ncjqoy9XD6VnE7P4_CHzJa",
		"code": "FF05",
		"name": "InvalidLocalInstrumentCode (pacs.002)",
		"definition": "Local Instrument code is missing or invalid.",
		"responseMsgId": "pacs.002.001.11.pacs.004.001.11",
		"intiatorMsgTypeId": "pacs.004.001.11"
	},
	{
		"id": "pacs.002.001.11.FF06.X8WcNBdY8maUfxnmlcRpMb",
		"code": "FF06",
		"name": "InvalidCategoryPurposeCode (pacs.002)",
		"definition": "Category Purpose code is missing or invalid.",
		"responseMsgId": "pacs.002.001.11.pacs.004.001.11",
		"intiatorMsgTypeId": "pacs.004.001.11"
	},
	{
		"id": "pacs.002.001.11.FF07.mRFxvR-XOLkUwq7_fQxm2c",
		"code": "FF07",
		"name": "InvalidPurpose (pacs.002)",
		"definition": "Purpose is missing or invalid.",
		"responseMsgId": "pacs.002.001.11.pacs.004.001.11",
		"intiatorMsgTypeId": "pacs.004.001.11"
	},
	{
		"id": "pacs.002.001.11.FF08.nX07VkH_meySmw7mwywvkd",
		"code": "FF08",
		"name": "InvalidEndToEndId (pacs.002)",
		"definition": "End to End Id missing or invalid.",
		"responseMsgId": "pacs.002.001.11.pacs.004.001.11",
		"intiatorMsgTypeId": "pacs.004.001.11"
	},
	{
		"id": "pacs.002.001.11.UCRD.7LPik9oEBAfhAzrni0eiEe",
		"code": "UCRD",
		"name": "UnknownCreditor (pacs.002)",
		"definition": "Unknown Creditor.",
		"responseMsgId": "pacs.002.001.11.pacs.004.001.11",
		"intiatorMsgTypeId": "pacs.004.001.11"
	}
]
