<?xml version="1.0" encoding="utf-8"?>
<Document
	xmlns="urn:iso:std:iso:20022:tech:xsd:pacs.009.001.10">
	<FICdtTrf>
		<GrpHdr>
			<MsgId>CA161026022265</MsgId>
			<CreDtTm>2022-09-22T18:12:00.00+05:30</CreDtTm>
			<NbOfTxs>1</NbOfTxs>
			<SttlmInf>
				<SttlmMtd>INDA</SttlmMtd>
				<InstgRmbrsmntAgt>
					<FinInstnId>
						<BICFI>CITIAUXX</BICFI>
					</FinInstnId>
				</InstgRmbrsmntAgt>
			</SttlmInf>
		</GrpHdr>
		<CdtTrfTxInf>
			<PmtId>
				<InstrId>CA161026022265</InstrId>
				<EndToEndId>Payment by Card</EndToEndId>
				<UETR>ee92b258-295e-4dce-92c6-b00bf6be1991</UETR>
			</PmtId>
			<IntrBkSttlmAmt Ccy="USD">34543643.89</IntrBkSttlmAmt>
			<IntrBkSttlmDt>2022-09-29</IntrBkSttlmDt>
			<InstgAgt>
				<FinInstnId>
					<BICFI>CTBAAU2S</BICFI>
				</FinInstnId>
			</InstgAgt>
			<InstdAgt>
				<FinInstnId>
					<BICFI>CITIAUXX</BICFI>
				</FinInstnId>
			</InstdAgt>
			<Dbtr>
				<FinInstnId>
					<BICFI>CTBAAU2S</BICFI>
				</FinInstnId>
			</Dbtr>
			<Cdtr>
				<FinInstnId>
					<BICFI>HSBCUS33</BICFI>
				</FinInstnId>
			</Cdtr>
			<UndrlygCstmrCdtTrf>
				<Dbtr>
					<Nm>CBA Bank</Nm>
					<PstlAdr>
						<Dept>IT</Dept>
						<SubDept>Finance</SubDept>
						<StrtNm>Greenwich street</StrtNm>
						<BldgNb>388</BldgNb>
						<Flr>35</Flr>
						<PstBx>10013</PstBx>
						<Room>45</Room>
						<PstCd>5</PstCd>
						<TwnNm>MELBOURNE</TwnNm>
						<TwnLctnNm>MELBOURNE</TwnLctnNm>
						<DstrctNm>MELBOURNE</DstrctNm>
						<CtrySubDvsn>MELBOURNE</CtrySubDvsn>
						<Ctry>AU</Ctry>
						<AdrLine>388 Greenwich St, MELBOURNE 10013</AdrLine>
					</PstlAdr>
					<Id>
						<OrgId>
							<AnyBIC>CTBAAU2S</AnyBIC>
							<LEI>A356757657657UB67866</LEI>
							<Othr>
								<Id>122</Id>
								<SchmeNm>
									<Cd>SRET</Cd>
								</SchmeNm>
								<Issr>678</Issr>
							</Othr>
						</OrgId>
					</Id>
					<CtryOfRes>AU</CtryOfRes>
				</Dbtr>
				<DbtrAgt>
					<FinInstnId>
						<BICFI>CTBAAU2S</BICFI>
						<ClrSysMmbId>
							<ClrSysId>
								<Cd>GRBIC</Cd>
							</ClrSysId>
							<MmbId>12643</MmbId>
						</ClrSysMmbId>
						<LEI>A356757657657UB67866</LEI>
					</FinInstnId>
				</DbtrAgt>
				<CdtrAgt>
					<FinInstnId>
						<BICFI>HSBCUS33</BICFI>
						<ClrSysMmbId>
							<ClrSysId>
								<Cd>USABA</Cd>
							</ClrSysId>
							<MmbId>12</MmbId>
						</ClrSysMmbId>
						<LEI>A356757657657UB67866</LEI>
					</FinInstnId>
				</CdtrAgt>
				<Cdtr>
					<Nm>XYZ Customer</Nm>
					<PstlAdr>
						<Dept>IT</Dept>
						<SubDept>Finance</SubDept>
						<StrtNm>street</StrtNm>
						<BldgNb>800</BldgNb>
						<BldgNm>Nicollet Mall</BldgNm>
						<Flr>25</Flr>
						<PstBx>55</PstBx>
						<Room>35</Room>
						<PstCd>55402</PstCd>
						<TwnNm>Sydney</TwnNm>
						<TwnLctnNm>Sydney</TwnLctnNm>
						<DstrctNm>Sydney</DstrctNm>
						<CtrySubDvsn>Sydney</CtrySubDvsn>
						<Ctry>AU</Ctry>
						<AdrLine>800 Nicollet Mall, Sydney</AdrLine>
					</PstlAdr>
					<Id>
						<OrgId>
							<AnyBIC>HSBCUS33</AnyBIC>
							<LEI>A356757657657UB67866</LEI>
							<Othr>
								<Id>1</Id>
								<SchmeNm>
									<Cd>SREN</Cd>
								</SchmeNm>
								<Issr>iss123</Issr>
							</Othr>
						</OrgId>
					</Id>
					<CtryOfRes>AU</CtryOfRes>
				</Cdtr>
			</UndrlygCstmrCdtTrf>
		</CdtTrfTxInf>
	</FICdtTrf>
</Document>