<?xml version="1.0" encoding="utf-8"?>
  <Document xmlns="urn:iso:std:iso:20022:tech:xsd:pacs.009.001.10">

    <FICdtTrf>
     <GrpHdr>
      <MsgId>CA161026022265</MsgId>
      <CreDtTm>2022-09-22</CreDtTm>
      <NbOfTxs>1</NbOfTxs>
      <SttlmInf>
       <SttlmMtd>COVE</SttlmMtd>
	<InstgRmbrsmntAgt>
             <FinInstnId>
               <BICFI>CBABAU33</BICFI>
                </FinInstnId>
         </InstgRmbrsmntAgt>
      </SttlmInf>
     </GrpHdr>
     <CdtTrfTxInf>
      <PmtId>
       <InstrId>CA161026022265</InstrId>
       <EndToEndId>CA16102602290</EndToEndId>
       <UETR>1e6fd738-f771-430f-ab26-779507e043f9</UETR>
      </PmtId>
      <IntrBkSttlmAmt Ccy="USD">1100.57</IntrBkSttlmAmt>
      <IntrBkSttlmDt>2021-12-31</IntrBkSttlmDt>
      <InstgAgt>
       <FinInstnId>
        <BICFI>HDFCUS33XXX</BICFI>
       </FinInstnId>
      </InstgAgt>
      <InstdAgt>
       <FinInstnId>
        <BICFI>CBABAU33XXX</BICFI>
       </FinInstnId>
      </InstdAgt>
      <Dbtr>
       <FinInstnId>
        <BICFI>HDFCUS33</BICFI>
       </FinInstnId>
      </Dbtr>
      <Cdtr>
       <FinInstnId>
        <BICFI>CITIAU33</BICFI>
       </FinInstnId>
      </Cdtr>
      <UndrlygCstmrCdtTrf>
       <Dbtr>
        <Nm>ABC</Nm>
        <PstlAdr>
         <AdrLine>North Tryon Street, Charlotte, NC.</AdrLine>
        </PstlAdr>
       </Dbtr>
       <DbtrAcct>
        <Id>
         <Othr>
          <Id>00104850498</Id>
         </Othr>
        </Id>
       </DbtrAcct>
       <DbtrAgt>
        <FinInstnId>
         <BICFI>HDFCUS33</BICFI>
        </FinInstnId>
       </DbtrAgt>
       <CdtrAgt>
        <FinInstnId>
         <BICFI>CITIAU33</BICFI>
        </FinInstnId>
       </CdtrAgt>
       <Cdtr>
        <Nm>XYZ</Nm>
        <PstlAdr>
         <AdrLine>117 PANDU NAGAR</AdrLine>
        </PstlAdr>
       </Cdtr>
       <CdtrAcct>
        <Id>
         <Othr>
          <Id>2355201050317</Id>
         </Othr>
        </Id>
       </CdtrAcct>
       <RmtInf>
        <Ustrd>INVOICE PAYMENT US/16/04 SADDLES</Ustrd>
       </RmtInf>
       <InstdAmt Ccy="USD">1100.57</InstdAmt>
      </UndrlygCstmrCdtTrf>
     </CdtTrfTxInf>
    </FICdtTrf>
   </Document>
 