<?xml version="1.0" encoding="UTF-8"?>
<Document xmlns="urn:iso:std:iso:20022:tech:xsd:pacs.008.001.09">
   <FIToFICstmrCdtTrf>
      <GrpHdr>
         <MsgId>IAM@R015</MsgId>
         <CreDtTm>2022-08-11T23:00:00.000+02:00</CreDtTm>
         <NbOfTxs>1</NbOfTxs>
         <TtlIntrBkSttlmAmt Ccy="AED">2.00</TtlIntrBkSttlmAmt>
         <IntrBkSttlmDt>2022-08-11</IntrBkSttlmDt>
         <SttlmInf>
            <SttlmMtd>CLRG</SttlmMtd>
            <ClrSys>
               <Prtry>CRTLBP.0.0</Prtry>
            </ClrSys>
         </SttlmInf>
         <InstgAgt>
            <FinInstnId>
               <BICFI>PTSAZADD002</BICFI>
            </FinInstnId>
         </InstgAgt>
         <InstdAgt>
            <FinInstnId>
               <BICFI>PTSAZADD003</BICFI>
            </FinInstnId>
         </InstdAgt>
      </GrpHdr>
      <CdtTrfTxInf>
         <PmtId>
            <EndToEndId>TEST@R016</EndToEndId>
            <TxId>USER@R016</TxId>
            <UETR>eb1925c9-1f7f-49de-aed0-22487c22b66f</UETR>
         </PmtId>
         <PmtTpInf>
            <InstrPrty>NORM</InstrPrty>
            <LclInstrm>
               <Prtry>INST</Prtry>
            </LclInstrm>
            <CtgyPurp>
               <Prtry>DEBTOR</Prtry>
            </CtgyPurp>
         </PmtTpInf>
         <IntrBkSttlmAmt Ccy="AED">2.00</IntrBkSttlmAmt>
         <ChrgBr>SLEV</ChrgBr>
         <Dbtr>
            <Nm>TESTR16</Nm>
            <Id>
               <OrgId>
                  <AnyBIC>CHASUS33001</AnyBIC>
                  <LEI>A356757657657UB67866</LEI>
                  <Othr>
                     <Id>122</Id>
                     <SchmeNm>
                        <Cd>SRET</Cd>
                     </SchmeNm>
                     <Issr>678</Issr>
                  </Othr>
               </OrgId>
            </Id>
         </Dbtr>
         <DbtrAcct>
            <Id>
               <IBAN>IS1922663633333333333333333</IBAN>
            </Id>
            <Tp>
               <Cd>str1</Cd>
            </Tp>
         </DbtrAcct>
         <DbtrAgt>
            <FinInstnId>
               <BICFI>PTSAZADD002</BICFI>
            </FinInstnId>
         </DbtrAgt>
         <CdtrAgt>
            <FinInstnId>
               <BICFI>PTSAZADD003</BICFI>
            </FinInstnId>
         </CdtrAgt>
         <Cdtr>
            <Nm>NEXTR16</Nm>
         </Cdtr>
         <CdtrAcct>
            <Id>
               <IBAN>IS192222222222222222222222</IBAN>
            </Id>
         </CdtrAcct>
         <Purp>
            <Cd>CASH</Cd>
         </Purp>
      </CdtTrfTxInf>
   </FIToFICstmrCdtTrf>
</Document>
