{
  "generator-jhipster": {
    "applicationType": "microservice",
    "baseName": "EnquiryConfigService",
    "jhipsterVersion": "7.3.0",
    "skipClient": true,
    "withAdminUi": false,
    "skipUserManagement": true,
    "skipServer": false,
    "skipCheckLengthOfIdentifier": false,
    "skipFakeData": true,
    "jhiPrefix": "syne",
    "entitySuffix": "",
    "dtoSuffix": "DTO",
    "testFrameworks": [],
    "blueprints": [],
    "otherModules": [],
    "pages": [],
    "creationTimestamp": 1637566991871,
    "serviceDiscoveryType": "consul",
    "reactive": false,
    "authenticationType": "jwt",
    "packageName": "net.synechron.finlabs.isosimulator.enqrconfig",
    "serverPort": "8084",
    "cacheProvider": "no",
    "enableHibernateCache": false,
    "databaseType": "sql",
    "devDatabaseType": "postgresql",
    "prodDatabaseType": "postgresql",
    "buildTool": "maven",
    "serverSideOptions": [],
    "websocket": false,
    "searchEngine": false,
    "messageBroker": false,
    "enableSwaggerCodegen": false,
    "enableTranslation": false,
    "nativeLanguage": "en",
    "jwtSecretKey": "",
    "enableGradleEnterprise": false,
    "languages": ["en"]
  }
}
