
{
"runId":"104", 
"inputObjectId":"1639135357642.xml",
 "msgId":"", 
 "msgTypeId":"1",
 "responseMsgId":"",
 "messageDataFields":[

 {
     "fieldDescription":"Id", 
 "tagName":"Id", 
 "fieldMinLength":"1" ,
 "fieldMaxLength":"35",
 "patternType":"[[0-9a-zA-Z/\\-\\?:\\(\\)\\.,'\\+ ]+]{1,35}",
 "fieldDataRepresentation":"pattern", 
 "dataKey":"", 
 "sequenceNum":"", 
 "groupName":"",
 "parentgroupName":"", 
 "xPath":"FIToFIPmtCxlReq/Assgnmt/Id", 
 "value":"", 
 "isValid":null
 },
  {
  "fieldDescription":"BICFI", 
  "tagName":"BICFI",
  "fieldMinLength":"1" ,
  "fieldMaxLength":"11", 
  "patternType":"[A-Z0-9]{4,4}[A-Z]{2,2}[A-Z0-9]{2,2}([A-Z0-9]{3,3}){0,1}", 
  "fieldDataRepresentation":"pattern",
  "dataKey":"",
  "sequenceNum":"",
  "groupName":"", 
  "parentgroupName":"",
  "xPath":"FIToFIPmtCxlReq/Assgnmt/Assgnr/Agt/FinInstnId/BICFI",
  "value":"CHASUS33001",
  "isValid":null
  },
   {"fieldDescription":"Code", 
  "tagName":"Cd", 
  "fieldMinLength":"1" ,
  "fieldMaxLength":"20",
  "patternType":"", 
  "fieldDataRepresentation":"data",
  "dataKey":"clearingsystemId",
  "sequenceNum":"", 
  "groupName":"", 
  "parentgroupName":"", 
  "xPath":"FIToFIPmtCxlReq/Assgnmt/Assgnr/Agt/FinInstnId/ClrSysMmbId/ClrSysId/Cd", 
  "value":"ATBLZ", 
  "isValid":null
  },
  {"fieldDescription":"MmbId", 
  "tagName":"MmbId", 
  "fieldMinLength":"1" ,
  "fieldMaxLength":"20",
  "patternType":"[[0-9a-zA-Z/\\-\\?:\\(\\)\\.,'\\+ ]+]{1,28}", 
  "fieldDataRepresentation":"pattern",
  "dataKey":"clearingsystemId",
  "sequenceNum":"", 
  "groupName":"", 
  "parentgroupName":"", 
  "xPath":"FIToFIPmtCxlReq/Assgnmt/Assgnr/Agt/FinInstnId/ClrSysMmbId/MmbId", 
  "value":"MmbId", 
  "isValid":null
  },
  {
  "fieldDescription":"LEI", 
  "tagName":"LEI",
  "fieldMinLength":"1",
  "fieldMaxLength":"20",
  "patternType":"[A-Z0-9]{18,18}[0-9]{2,2}",
  "fieldDataRepresentation":"pattern",
  "dataKey":"",
  "sequenceNum":"",
  "groupName":"",
  "parentgroupName":"", 
  "xPath":"FIToFIPmtCxlReq/Assgnmt/Assgnr/Agt/FinInstnId/LEI", 
  "value":"A356757657657UB67866", 
  "isValid":null
  }, 
  {"fieldDescription":"CreationDateTime", 
  "tagName":"CreDtTm", 
  "fieldMinLength":"1" ,
  "fieldMaxLength":"20",
  "patternType":"yyyy-MM-dd'T'HH:mm:ss.SSS", 
  "fieldDataRepresentation":"date",
  "dataKey":"",
  "sequenceNum":"", 
  "groupName":"", 
  "parentgroupName":"", 
  "xPath":"FIToFICstmrCdtTrf/GrpHdr/CreDtTm", 
  "value":"1980-03-23T19:00:00.000", 
  "isValid":null
  }, 
  {"fieldDescription":"OriginalMessageIdentification", 
  "tagName":"OrgnlMsgId", 
  "fieldMinLength":"1",
  "fieldMaxLength":"15", 
  "patternType":"[A-Z0-9]{18,18}[0-9]{2,2}",
  "fieldDataRepresentation":"pattern",
  "dataKey":"", 
  "sequenceNum":"", 
  "groupName":"",
  "parentgroupName":""
  ,"xPath":"FIToFIPmtCxlReq/Undrlyg/TxInf/OrgnlGrpInf/OrgnlMsgId", 
  "value":"", 
  "isValid":null
  }, 
  {
  "fieldDescription":"Name",
  "tagName":"NM",
  "fieldMinLength":"1",
  "fieldMaxLength":"140",
  "patternType":"",
  "fieldDataRepresentation":"string",
  "dataKey":"", 
  "sequenceNum":"",
  "groupName":"",
  "parentgroupName":"",
  "xPath":"FIToFIPmtCxlReq/Undrlyg/TxInf/Case/Cretr/Pty/Nm", 
  "value":"Fiancial Institute of Akash",
  "isValid":null
  },
  
   {"fieldDescription":"Department", 
  "tagName":"Dept", 
  "fieldMinLength":"1",
  "fieldMaxLength":"70", 
  "patternType":"",
  "fieldDataRepresentation":"string",
  "dataKey":"", 
  "sequenceNum":"",
  "groupName":"", 
  "parentgroupName":"",
  "xPath":"FIToFIPmtCxlReq/Undrlyg/TxInf/Case/Cretr/Pty/PstlAdr/Dept", 
  "value":"IT",
  "isValid":null},
  {"fieldDescription":"SubDepartment", 
  "tagName":"SubDept",
  "fieldMinLength":"1",
  "fieldMaxLength":"70", 
  "patternType":"",
  "fieldDataRepresentation":"string",
  "dataKey":"", 
  "sequenceNum":"", .
  "groupName":"",
  "parentgroupName":"", 
  "xPath":"FIToFIPmtCxlReq/Undrlyg/TxInf/Case/Cretr/Pty/PstlAdr/SubDept",
  "value":"Finance", 
  "isValid":null},
  {"fieldDescription":"StreetName", 
  "tagName":"StrtNm",
  "fieldMinLength":"1" ,
  "fieldMaxLength":"70",
  "patternType":"",
  "fieldDataRepresentation":"string",
  "dataKey":"", 
  "sequenceNum":"", 
  "groupName":"", 
  "parentgroupName":"",
  "xPath":"FIToFIPmtCxlReq/Undrlyg/TxInf/Case/Cretr/Pty/PstlAdr/StrtNm",
  "value":"Jagdamba Bhavan Road,2",
  "isValid":null}, 
  {"fieldDescription":"BuildingNumber",
  "tagName":"BldgNb",
  "fieldMinLength":"1",
  "fieldMaxLength":"16", 
  "patternType":"", 
  "fieldDataRepresentation":"string", 
  "dataKey":"",
  "sequenceNum":"", 
  "groupName":"",
  "parentgroupName":"",
  "xPath":"FIToFIPmtCxlReq/Undrlyg/TxInf/Case/Cretr/Pty/PstlAdr/BldgNb",
  "value":"2", 
  "isValid":null
  }, 
  {
  "fieldDescription":"Floor", 
  "tagName":"Flr",
  "fieldMinLength":"1",
  "fieldMaxLength":"70", 
  "patternType":"", 
  "fieldDataRepresentation":"string",
  "dataKey":"",
  "sequenceNum":"",
  "groupName":"", 
  "parentgroupName":"",
  "xPath":"FIToFIPmtCxlReq/Undrlyg/TxInf/Case/Cretr/Pty/PstlAdr/Flr",
  "value":"3", 
  "isValid":null
  }, 
  {
 "fieldDescription":"PostBox",
  "tagName":"PstBx",
  "fieldMinLength":"1" ,
  "fieldMaxLength":"16",
  "patternType":"", 
  "fieldDataRepresentation":"string",
  "dataKey":"", 
  "sequenceNum":"",
  "groupName":"",
  "parentgroupName":"",
  "xPath":"FIToFIPmtCxlReq/Undrlyg/TxInf/Case/Cretr/Pty/PstlAdr/PstBx", 
  "value":"411028", 
  "isValid":null
  },
  {"fieldDescription":"Room",
  "tagName":"Room",
  "fieldMinLength":"1",
  "fieldMaxLength":"79", 
  "patternType":"",
  "fieldDataRepresentation":"string",
  "dataKey":"",
  "sequenceNum":"",
  "groupName":"", 
  "parentgroupName":"",
  "xPath":"FIToFIPmtCxlReq/Undrlyg/TxInf/Case/Cretr/Pty/PstlAdr/Room",
  "value":"3",
  "isValid":null
  },
  {"fieldDescription":"PostCode",
  "tagName":"PostCode",
  "fieldMinLength":"1",
  "fieldMaxLength":"16",
  "patternType":"",
  "fieldDataRepresentation":"string", 
  "dataKey":"",
  "sequenceNum":"",
  "groupName":"",
  "parentgroupName":"",
  "xPath":"FIToFIPmtCxlReq/Undrlyg/TxInf/Case/Cretr/Pty/PstlAdr/PstCd",
  "value":"", 
  "isValid":null
  }, 
  {
  "fieldDescription":"TownName", 
  "tagName":"TwnNm",
  "fieldMinLength":"1",
  "fieldMaxLength":"35",
  "patternType":"",
  "fieldDataRepresentation":"string",
  "dataKey":"",
  "sequenceNum":"",
  "groupName":"",
  "parentgroupName":"", 
  "xPath":"FIToFIPmtCxlReq/Undrlyg/TxInf/Case/Cretr/Pty/PstlAdr/TwnNm", 
  "value":"Undri", 
  "isValid":null
  },
  {
  "fieldDescription":"TownLocationName", 
  "tagName":"TwnLctnNm",
  "fieldMinLength":"1",
  "fieldMaxLength":"35", 
  "patternType":"",
  "fieldDataRepresentation":"string", 
  "dataKey":"", 
  "sequenceNum":"", 
  "groupName":"",
  "parentgroupName":"", 
  "xPath":"FIToFIPmtCxlReq/Undrlyg/TxInf/Case/Cretr/Pty/PstlAdr/TwnLctnNm",
  "value":"Hadapsar", 
  "isValid":null}, 
  {"fieldDescription":"DistrictName", 
  "tagName":"DstrctNm",
  "fieldMinLength":"1",
  "fieldMaxLength":"35",
  "patternType":"",
  "fieldDataRepresentation":"string",
  "dataKey":"",
  "sequenceNum":"",
  "groupName":"", 
  "parentgroupName":"",
  "xPath":"FIToFIPmtCxlReq/Undrlyg/TxInf/Case/Cretr/Pty/PstlAdr/DstrctNm",
  "value":"Haveli", 
  "isValid":null},
{"fieldDescription":"CountrySubDivision", 
  "tagName":"CtrySubDvsn",
  "fieldMinLength":"1",
  "fieldMaxLength":"35",
  "patternType":"",
  "fieldDataRepresentation":"string",
  "dataKey":"",
  "sequenceNum":"",
  "groupName":"", 
  "parentgroupName":"",
  "xPath":"FIToFIPmtCxlReq/Undrlyg/TxInf/Case/Cretr/Pty/PstlAdr/CtrySubDvsn",
  "value":"Haveli", 
  "isValid":null},  
  {"fieldDescription":"Country", 
  "tagName":"Ctry",
  "fieldMinLength":"1",
  "fieldMaxLength":"35",
  "patternType":"[A-Z]{2,2}",
  "fieldDataRepresentation":"data",
  "dataKey":"country",
  "sequenceNum":"",
  "groupName":"", 
  "parentgroupName":"",
  "xPath":"FIToFIPmtCxlReq/Undrlyg/TxInf/Case/Cretr/Pty/PstlAdr/Ctry",
  "value":"IN", 
  "isValid":null},  
 
  {"fieldDescription":"AddressLine",
  "tagName":"AdrLine", 
  "fieldMinLength":"1",
  "fieldMaxLength":"80",
  "patternType":"",
  "fieldDataRepresentation":"string", 
  "dataKey":"",
  "sequenceNum":"", 
  "groupName":"",
  "parentgroupName":"",
  "xPath":"FIToFIPmtCxlReq/Undrlyg/TxInf/Case/Cretr/Pty/PstlAdr/AdrLine", 
  "value":"Payment by Card", 
  "isValid":null
  },
  {"fieldDescription":"OriginalMessageNameIdentification",
  "tagName":"OrgnlMsgNmId",
  "fieldMinLength":"1",
  "fieldMaxLength":"35",
  "patternType":"[[0-9a-zA-Z/\\-\\?:\\(\\)\\.,'\\+ ]+]{1,35}",
  "fieldDataRepresentation":"pattern",
  "dataKey":"", 
  "sequenceNum":"", 
  "groupName":"",
  "parentgroupName":"",
  "xPath":"FIToFIPmtCxlReq/Undrlyg/TxInf/OrgnlGrpInf/OrgnlMsgNmId", 
  "value":"HDFC", 
  "isValid":null
  }, 
  
  
  {
  "fieldDescription":"OriginalCreationDateTime", 
  "tagName":"OrgnlCreDtTm",
  "fieldMinLength":"1",
  "fieldMaxLength":"35",
  "patternType":"YYYY-MM-DDThh:mm:ss.sss",
  "fieldDataRepresentation":"date", 
  "dataKey":"", 
  "sequenceNum":"",
  "groupName":"",
  "parentgroupName":"", 
  "xPath":"FIToFIPmtCxlReq/Undrlyg/TxInf/OrgnlGrpInf/OrgnlCreDtTm",
  "value":"", 
  "isValid":null
  }, 
  {
  "fieldDescription":"OriginalInstructionIdentification", 
  "tagName":"OrgnlInstrId",
  "fieldMinLength":"1", 
  "fieldMaxLength":"80",
  "patternType":"[[0-9a-zA-Z/\\-\\?:\\(\\)\\.,'\\+ ]+]{1,16}", 
  "fieldDataRepresentation":"pattern", 
  "dataKey":"",
  "sequenceNum":"",
  "groupName":"",
  "parentgroupName":"",
  "xPath":"FIToFIPmtCxlReq/Undrlyg/TxInf/OrgnlInstrId", 
  "value":"HIGH", 
  "isValid":null
  },
  {
  "fieldDescription":"OriginalEndToEndIdentification",
  "tagName":"OrgnlEndToEndId", 
  "fieldMinLength":"1",
  "fieldMaxLength":"80", 
  "patternType":"[[0-9a-zA-Z/\\-\\?:\\(\\)\\.,'\\+ ]+]{1,35}",
  "fieldDataRepresentation":"pattern",
  "dataKey":"",
  "sequenceNum":"",
  "groupName":"",
  "parentgroupName":"", 
  "xPath":"FIToFIPmtCxlReq/Undrlyg/TxInf/OrgnlEndToEndId",
  "value":"HIGH",
  "isValid":null
  }, 
  {"fieldDescription":"OriginalTransactionIdentification",
  "tagName":"OrgnlTxId",
  "fieldMinLength":"1",
  "fieldMaxLength":"80",
  "patternType":"[[0-9a-zA-Z/\\-\\?:\\(\\)\\.,'\\+ ]+]{1,35}", 
  "fieldDataRepresentation":"pattern", 
  "dataKey":"",
  "sequenceNum":"",
  "groupName":"",
  "parentgroupName":"", 
  "xPath":"FIToFIPmtCxlReq/Undrlyg/TxInf/OrgnlTxId", 
  "value":"RTGS",
  "isValid":null
  }, 
  {
  "fieldDescription":"OriginalUETR", 
  "tagName":"OrgnlUETR", 
  "fieldMinLength":"1",
  "fieldMaxLength":"80", 
  "patternType":"[a-f0-9]{8}-[a-f0-9]{4}-4[a-f0-9]{3}-[89ab][a-f0-9]{3}-[a-f0-9]{12}", 
  "fieldDataRepresentation":"pattern",
  "dataKey":"",
  "sequenceNum":"", 
  "groupName":"",
  "parentgroupName":"",
  "xPath":"FIToFIPmtCxlReq/Undrlyg/TxInf/OrgnlUETR", 
  "value":"45b6aa19-bce4-46c1-a79e-fb2daa4e0a5b", 
  "isValid":null
  }, 
  {
  "fieldDescription":"OriginalClearingSystemReference", 
  "tagName":"OrgnlClrSysRef", 
  "fieldMinLength":"1",
  "fieldMaxLength":"80",
  "patternType":"[[0-9a-zA-Z/\\-\\?:\\(\\)\\.,'\\+ ]+]{1,35}",
  "fieldDataRepresentation":"pattern",
  "dataKey":"",
  "sequenceNum":"",
  "groupName":"",
  "parentgroupName":"", 
  "xPath":"FIToFIPmtCxlReq/Undrlyg/TxInf/OrgnlClrSysRef",
  "value":"",
  "isValid":""
  },
  {
  "fieldDescription":"OriginalInterbankSettlementAmount", 
  "tagName":"OrgnlIntrBkSttlmAmt", 
  "fieldMinLength":"15",
  "fieldMaxLength":"14",
  "patternType":"",
  "fieldDataRepresentation":"amount",
  "dataKey":"",
  "sequenceNum":"",
  "groupName":"",
  "parentgroupName":"", 
  "xPath":"FIToFIPmtCxlReq/Undrlyg/TxInf/OrgnlIntrBkSttlmAmt",
  "value":"EDImC",
  "isValid":""
  },
   {
  "fieldDescription":"Currency", 
  "tagName":"Ccy", 
  "fieldMinLength":"15",
  "fieldMaxLength":"14",
  "patternType":"",
  "fieldDataRepresentation":"data",
  "dataKey":"currency",
  "sequenceNum":"",
  "groupName":"",
  "parentgroupName":"", 
  "xPath":"FIToFIPmtCxlReq/Undrlyg/TxInf/OrgnlIntrBkSttlmAmt/@Ccy",
  "value":"AFA",
  "isValid":""
  },
  {
  "fieldDescription":"OriginalInterbankSettlementDate", 
  "tagName":"OrgnlIntrBkSttlmDt", 
  "fieldMinLength":"1",
  "fieldMaxLength":"80",
  "patternType":"YYYY-MM-DDThh:mm:ss.sss",
  "fieldDataRepresentation":"date",
  "dataKey":"",
  "sequenceNum":"",
  "groupName":"",
  "parentgroupName":"", 
  "xPath":"FIToFIPmtCxlReq/Undrlyg/TxInf/OrgnlIntrBkSttlmDt",
  "value":"",
  "isValid":""
  },
   {
  "fieldDescription":"Code", 
  "tagName":"Cd", 
  "fieldMinLength":"1",
  "fieldMaxLength":"80",
  "patternType":"",
  "fieldDataRepresentation":"data",
  "dataKey":"cancellationcode",
  "sequenceNum":"",
  "groupName":"",
  "parentgroupName":"", 
  "xPath":"FIToFIPmtCxlReq/Undrlyg/TxInf/CxlRsnInf/Rsn/Cd",
  "value":"DUPL",
  "isValid":""
  },
   {
  "fieldDescription":"AdditionalInformation", 
  "tagName":"AddtlInf", 
  "fieldMinLength":"1",
  "fieldMaxLength":"105",
  "patternType":"[[0-9a-zA-Z/\\-\\?:\\(\\)\\.,'\\+ ]+]{1,105}",
  "fieldDataRepresentation":"pattern",
  "dataKey":"",
  "sequenceNum":"",
  "groupName":"",
  "parentgroupName":"", 
  "xPath":"FIToFIPmtCxlReq/Undrlyg/TxInf/CxlRsnInf/AddtlInf",
  "value":"EDImC",
  "isValid":""
  }
   
 ]
}
  

