<?xml version="1.0" encoding="utf-8"?>
<Document xmlns="urn:iso:std:iso:20022:tech:xsd:camt.056.001.08" xmlns:xsi="http://www.w3.org/2001/XMLSchema-instance">
	<FIToFIPmtCxlReq>
		<Assgnmt>
			<Id>346347547534634754757777</Id>
			<Assgnr>
				<Agt>
					<FinInstnId>
						<BICFI>CHASUS33001</BICFI>
						<ClrSysMmbId>
							<ClrSysId>
								<Cd>ATBLZ</Cd>
							</ClrSysId>
							<MmbId>123</MmbId>
						</ClrSysMmbId>
						<LEI>A356757657657UB67866</LEI>
					</FinInstnId>
				</Agt>
			</Assgnr>
			<Assgne>
				<Agt>
					<FinInstnId>
						<BICFI>CHASUS33001</BICFI>
						<ClrSysMmbId>
							<ClrSysId>
								<Cd>HOME</Cd>
							</ClrSysId>
							<MmbId>123</MmbId>
						</ClrSysMmbId>
						<LEI>A356757657657UB67866</LEI>
					</FinInstnId>
				</Agt>
			</Assgne>
			<CreDtTm>2022-01-03T19:20:30.45+01:00</CreDtTm>
		</Assgnmt>
		<Undrlyg>
			<TxInf>
				<CxlId>str1234</CxlId>
				<Case>
					<Id>3454364364354</Id>
					<Cretr>
						<Pty>
							<Nm>SuperMarket</Nm>
							<PstlAdr>
								<Dept>IT</Dept>
								<SubDept>Finance</SubDept>
								<StrtNm>Jagdamba Bhavan Road</StrtNm>
								<BldgNb>2</BldgNb>
								<BldgNm>Essence</BldgNm>
								<Flr>3</Flr>
								<PstBx>411028</PstBx>
								<Room>3</Room>
								<PstCd>45454545454</PstCd>
								<TwnNm>Undri</TwnNm>
								<TwnLctnNm>Hadapsar</TwnLctnNm>
								<DstrctNm>Haveli</DstrctNm>
								<CtrySubDvsn>Pune</CtrySubDvsn>
								<Ctry>IN</Ctry>
								<AdrLine>B34 Jag Road Maharashtra</AdrLine>
							</PstlAdr>
							<Id>
								<OrgId>
									<AnyBIC>6576GFHD</AnyBIC>
									<LEI>A356757657657UB67866</LEI>
								</OrgId>
							</Id>							
						</Pty>
					</Cretr>
				</Case>
				<OrgnlGrpInf>
					<OrgnlMsgId>34634754753463475475346388</OrgnlMsgId>
					<OrgnlMsgNmId>pacs.008.001.08</OrgnlMsgNmId>
					<OrgnlCreDtTm>1980-03-23T19:20:30.45+01:00</OrgnlCreDtTm>
				</OrgnlGrpInf>
				<OrgnlInstrId>Payment by Card</OrgnlInstrId>
				<OrgnlEndToEndId>34345E@#$%*%!TRD3423</OrgnlEndToEndId>
				<OrgnlTxId>TRAN3454364364354</OrgnlTxId>
				<OrgnlUETR>ee92b258-295e-4dce-92c6-b00bf6be1991</OrgnlUETR>
				<OrgnlClrSysRef>HDFC CLEAR TRAN</OrgnlClrSysRef>
				<OrgnlIntrBkSttlmAmt Ccy="EUR">34543643.89</OrgnlIntrBkSttlmAmt>
				<OrgnlIntrBkSttlmDt>1980-03-23</OrgnlIntrBkSttlmDt>
				<CxlRsnInf>
					<Orgtr>
						<Nm>Fiancial Institute of Akash</Nm>
						<PstlAdr>
							<Dept>IT</Dept>
							<SubDept>Finance</SubDept>
							<StrtNm>Jagdamba Bhavan Road</StrtNm>
							<BldgNb>2</BldgNb>
							<BldgNm>Essence</BldgNm>
							<Flr>3</Flr>
							<PstBx>411028</PstBx>
							<Room>3</Room>
							<PstCd>45454545454</PstCd>
							<TwnNm>Undri</TwnNm>
							<TwnLctnNm>Hadapsar</TwnLctnNm>
							<DstrctNm>Haveli</DstrctNm>
							<CtrySubDvsn>Pune</CtrySubDvsn>
							<Ctry>IN</Ctry>
							<AdrLine>B34 Jag Road Maharashtra</AdrLine>
						</PstlAdr>
						<Id>
							<OrgId>
								<AnyBIC>6576GFHD</AnyBIC>
								<LEI>A356757657657UB67866</LEI>
							</OrgId>
						</Id>
					</Orgtr>
					<Rsn>
						<Cd>DUPL</Cd>
					</Rsn>
					<AddtlInf>str1234</AddtlInf>
				</CxlRsnInf>
			</TxInf>
		</Undrlyg>
	</FIToFIPmtCxlReq>
</Document>